week_end,crude_stocks_incl_spr_mbbl,commercial_crude_mbbl,spr_crude_mbbl,refinery_crude_inputs_mbd,days_supply_incl_spr,commercial_days_supply,spr_days_equivalent,days_supply_incl_spr_percentile
1982-08-20,609219,338764,270455,11722,51.97,28.9,23.07,6.5
1982-08-27,608741,336138,272603,11918,51.08,28.2,22.87,5.54
1982-09-24,612419,335586,276833,12375,49.49,27.12,22.37,3.71
1982-10-01,612419,334786,277633,12303,49.78,27.21,22.57,3.93
1982-10-08,613985,335260,278725,12062,50.9,27.79,23.11,5.15
1982-10-15,607781,326979,280802,12129,50.11,26.96,23.15,4.45
1982-10-22,617763,334370,283393,11611,53.2,28.8,24.41,8.51
1982-10-29,617335,333067,284268,11765,52.47,28.31,24.16,7.11
1982-11-05,615963,331057,284906,11751,52.42,28.17,24.25,6.94
1982-11-12,609646,323448,286198,11777,51.77,27.46,24.3,6.28
1982-11-19,617599,331264,286335,11978,51.56,27.66,23.91,5.98
1982-11-26,613795,325639,288156,11358,54.04,28.67,25.37,10.65
1982-12-03,622410,332447,289963,12192,51.05,27.27,23.78,5.45
1982-12-10,629452,337943,291509,11536,54.56,29.29,25.27,11.91
1982-12-17,630630,338912,291718,11462,55.02,29.57,25.45,12.78
1982-12-24,627549,335061,292488,11236,55.85,29.82,26.03,15.05
1982-12-31,623364,330150,293214,12762,48.85,25.87,22.98,2.71
1983-01-07,621519,326701,294818,11735,52.96,27.84,25.12,8.03
1983-01-14,634468,339028,295440,11481,55.26,29.53,25.73,13.39
1983-01-21,630862,334178,296684,11163,56.51,29.94,26.58,16.45
1983-01-28,637996,339617,298379,11095,57.5,30.61,26.89,20.2
1983-02-04,633444,332527,300917,10825,58.52,30.72,27.8,22.82
1983-02-11,640679,338719,301960,10907,58.74,31.06,27.68,23.87
1983-02-18,645786,342040,303746,10903,59.23,31.37,27.86,25.26
1983-02-25,654800,349452,305348,10899,60.08,32.06,28.02,28.01
1983-03-04,646180,339216,306964,10714,60.31,31.66,28.65,29.14
1983-03-11,650270,341753,308517,10780,60.32,31.7,28.62,29.19
1983-03-18,645657,335901,309756,10923,59.11,30.75,28.36,24.78
1983-03-25,647475,337155,310320,11245,57.58,29.98,27.6,20.59
1983-04-01,643056,331215,311841,10927,58.85,30.31,28.54,24.08
1983-04-08,648846,335263,313583,11411,56.86,29.38,27.48,17.89
1983-04-15,655356,340539,314817,11384,57.57,29.91,27.65,20.51
1983-04-29,660163,342707,317456,11820,55.85,28.99,26.86,15.01
1983-05-13,663452,342703,320749,11636,57.02,29.45,27.57,18.63
1983-05-20,669661,345545,324116,11761,56.94,29.38,27.56,18.24
1983-06-03,661439,334607,326832,12312,53.72,27.18,26.55,9.82
1983-06-10,660809,333407,327402,12081,54.7,27.6,27.1,12.22
1983-06-17,660684,332713,327971,12366,53.43,26.91,26.52,8.9
1983-06-24,661690,331611,330079,12426,53.25,26.69,26.56,8.55
1983-07-01,665523,333387,332136,12340,53.93,27.02,26.92,10.34
1983-07-08,661437,326776,334661,12382,53.42,26.39,27.03,8.86
1983-07-15,660062,324265,335797,12495,52.83,25.95,26.87,7.59
1983-07-22,661544,323643,337901,12647,52.31,25.59,26.72,6.81
1983-07-29,666229,326267,339962,12672,52.57,25.75,26.83,7.24
1983-08-05,664421,322642,341779,12394,53.61,26.03,27.58,9.42
1983-08-12,658793,314861,343932,12316,53.49,25.57,27.93,9.08
1983-08-19,666568,320879,345689,12609,52.86,25.45,27.42,7.77
1983-08-26,674046,325015,349031,11835,56.95,27.46,29.49,18.32
1983-09-02,680678,328895,351783,12317,55.26,26.7,28.56,13.44
1983-09-09,679709,326370,353339,12898,52.7,25.3,27.39,7.42
1983-09-16,683787,328092,355695,12941,52.84,25.35,27.49,7.64
1983-09-23,686492,328203,358289,12447,55.15,26.37,28.79,13.13
1983-09-30,689484,329028,360456,12321,55.96,26.7,29.26,15.14
1983-10-07,692999,331723,361276,12099,57.28,27.42,29.86,19.55
1983-10-14,699225,334292,364933,11798,59.27,28.33,30.93,25.57
1983-10-21,696893,331681,365212,11701,59.56,28.35,31.21,26.48
1983-10-28,690351,324210,366141,11681,59.1,27.76,31.35,24.69
1983-11-04,704161,335837,368324,11570,60.86,29.03,31.83,31.37
1983-11-11,708907,339341,369566,11846,59.84,28.65,31.2,27.44
1983-11-18,705019,334859,370160,12146,58.05,27.57,30.48,21.6
1983-11-25,701334,330704,370630,11389,61.58,29.04,32.54,34.42
1983-12-02,697555,326264,371291,12630,55.23,25.83,29.4,13.35
1983-12-09,706710,332192,374518,11719,60.3,28.35,31.96,29.06
1983-12-16,705916,330911,375005,11736,60.15,28.2,31.95,28.49
1983-12-23,703653,326469,377184,11495,61.21,28.4,32.81,32.98
1983-12-30,705337,327028,378309,10694,65.96,30.58,35.38,59.77
1984-01-06,708734,328070,380664,10639,66.62,30.84,35.78,64.4
1984-01-13,714404,331804,382600,11562,61.79,28.7,33.09,35.34
1984-01-20,711607,327811,383796,11801,60.3,27.78,32.52,28.97
1984-01-27,708756,324301,384455,11874,59.69,27.31,32.38,26.96
1984-02-03,705612,320842,384770,12166,58.0,26.37,31.63,21.55
1984-02-10,705509,320037,385472,12029,58.65,26.61,32.05,23.43
1984-02-17,708374,322097,386277,12087,58.61,26.65,31.96,23.34
1984-02-24,704934,317999,386935,12268,57.46,25.92,31.54,20.03
1984-03-02,704980,317746,387234,12054,58.49,26.36,32.12,22.64
1984-03-09,700691,313132,387559,12249,57.2,25.56,31.64,19.28
1984-03-16,701182,312445,388737,12343,56.81,25.31,31.49,17.76
1984-03-23,698337,309072,389265,11620,60.1,26.6,33.5,28.23
1984-03-30,702304,310506,391798,11851,59.26,26.2,33.06,25.52
1984-04-06,714188,320689,393499,11493,62.14,27.9,34.24,36.56
1984-04-13,717586,324087,393499,11817,60.72,27.43,33.3,30.98
1984-04-20,718835,323505,395330,11879,60.51,27.23,33.28,30.19
1984-04-27,715681,319724,395957,12464,57.42,25.65,31.77,19.9
1984-05-04,723838,326633,397205,11641,62.18,28.06,34.12,36.74
1984-05-11,730750,332296,398454,11990,60.95,27.71,33.23,31.72
1984-05-18,740010,340510,399500,12267,60.33,27.76,32.57,29.28
1984-05-25,733307,332465,400842,12564,58.37,26.46,31.9,22.43
1984-06-01,742484,339659,402825,12842,57.82,26.45,31.37,21.12
1984-06-08,747383,342189,405194,12414,60.2,27.56,32.64,28.66
1984-06-15,746599,338234,408365,12338,60.51,27.41,33.1,30.15
1984-06-22,740444,331714,408730,12601,58.76,26.32,32.44,23.95
1984-06-29,748609,335999,412610,12270,61.01,27.38,33.63,32.07
1984-07-06,744108,330378,413730,12135,61.32,27.23,34.09,33.29
1984-07-13,750181,333149,417032,12266,61.16,27.16,34.0,32.77
1984-07-20,758675,339830,418845,12238,61.99,27.77,34.22,35.91
1984-07-27,751701,331607,420094,12233,61.45,27.11,34.34,33.86
1984-08-03,756297,332398,423899,12134,62.33,27.39,34.93,37.35
1984-08-10,759664,333554,426110,12449,61.02,26.79,34.23,32.11
1984-08-17,750944,323344,427600,12429,60.42,26.02,34.4,29.71
1984-08-24,754372,326092,428280,12515,60.28,26.06,34.22,28.88
1984-08-31,751064,321597,429467,12637,59.43,25.45,33.98,26.0
1984-09-07,748773,318672,430101,12466,60.07,25.56,34.5,27.92
1984-09-14,748108,318007,430101,12643,59.17,25.15,34.02,25.04
1984-09-21,737364,306957,430407,12488,59.05,24.58,34.47,24.52
1984-09-28,739492,308426,431066,12448,59.41,24.78,34.63,25.83
1984-10-05,743297,311211,432086,12134,61.26,25.65,35.61,33.16
1984-10-12,751690,318610,433080,12190,61.66,26.14,35.53,34.77
1984-10-19,748669,315273,433396,12166,61.54,25.91,35.62,34.34
1984-10-26,754795,320900,433895,12105,62.35,26.51,35.84,37.48
1984-11-02,751015,314922,436093,12504,60.06,25.19,34.88,27.88
1984-11-09,763846,325115,438731,12195,62.64,26.66,35.98,38.74
1984-11-16,773429,334201,439228,12090,63.97,27.64,36.33,45.46
1984-11-23,773912,332639,441273,12281,63.02,27.09,35.93,40.62
1984-11-30,768654,325608,443046,12389,62.04,26.28,35.76,36.17
1984-12-07,766366,322292,444074,12008,63.82,26.84,36.98,44.59
1984-12-14,777877,331783,446094,12046,64.58,27.54,37.03,50.35
1984-12-21,768096,320537,447559,12057,63.71,26.59,37.12,43.94
1984-12-28,771438,322281,449157,11754,65.63,27.42,38.21,57.46
1985-01-04,770428,319923,450505,11649,66.14,27.46,38.67,60.69
1985-01-11,774958,324107,450851,11502,67.38,28.18,39.2,70.29
1985-01-18,780308,326508,453800,11601,67.26,28.14,39.12,69.46
1985-01-25,772083,317918,454165,11564,66.77,27.49,39.27,65.45
1985-02-01,766692,309460,457232,11555,66.35,26.78,39.57,62.17
1985-02-08,763744,305989,457755,11585,65.93,26.41,39.51,59.47
1985-02-15,756182,298076,458106,11468,65.94,25.99,39.95,59.6
1985-02-22,754681,295928,458753,11479,65.74,25.78,39.96,57.98
1985-03-01,758276,298757,459519,11354,66.78,26.31,40.47,65.66
1985-03-08,763336,303198,460138,11382,67.07,26.64,40.43,67.71
1985-03-15,767742,307344,460398,11415,67.26,26.92,40.33,69.33
1985-03-22,771428,310423,461005,11413,67.59,27.2,40.39,71.86
1985-03-29,774415,313149,461266,11525,67.19,27.17,40.02,68.54
1985-04-05,763617,302000,461617,11432,66.8,26.42,40.38,65.79
1985-04-12,766706,304744,461962,11780,65.09,25.87,39.22,53.53
1985-04-19,772102,309715,462387,11895,64.91,26.04,38.87,52.44
1985-04-26,786256,322205,464051,11852,66.34,27.19,39.15,62.04
1985-05-03,795287,330347,464940,11663,68.19,28.32,39.86,75.0
1985-05-10,793732,327605,466127,12060,65.82,27.16,38.65,58.51
1985-05-17,796117,328263,467854,12060,66.01,27.22,38.79,60.12
1985-05-24,803864,333896,469968,11952,67.26,27.94,39.32,69.37
1985-05-31,804735,333399,471336,12353,65.14,26.99,38.16,54.23
1985-06-07,802494,330564,471930,12143,66.09,27.22,38.86,60.47
1985-06-14,804732,331306,473426,12191,66.01,27.18,38.83,60.08
1985-06-21,804696,330077,474619,12358,65.12,26.71,38.41,53.8
1985-06-28,799832,323682,476150,12411,64.45,26.08,38.37,48.91
1985-07-05,797353,320782,476571,12706,62.75,25.25,37.51,39.35
1985-07-12,792929,314931,477998,12526,63.3,25.14,38.16,41.84
1985-07-19,794981,313728,481253,12604,63.07,24.89,38.18,41.01
1985-07-26,789271,307219,482052,12529,63.0,24.52,38.47,40.53
1985-08-02,785661,302128,483533,12313,63.81,24.54,39.27,44.46
1985-08-09,791222,307275,483947,12130,65.23,25.33,39.9,54.93
1985-08-16,789594,304954,484640,12180,64.83,25.04,39.79,51.96
1985-08-23,779687,294068,485619,12189,63.97,24.13,39.84,45.42
1985-08-30,786600,299740,486860,12178,64.59,24.61,39.98,50.44
1985-09-06,781785,294402,487383,11662,67.04,25.24,41.79,67.58
1985-09-13,782583,294828,487755,12027,65.07,24.51,40.56,53.36
1985-09-20,777560,289541,488019,12028,64.65,24.07,40.57,50.92
1985-09-27,780424,291175,489249,12259,63.66,23.75,39.91,43.59
1985-10-04,783916,294662,489254,11978,65.45,24.6,40.85,56.24
1985-10-11,791591,302337,489254,12180,64.99,24.82,40.17,52.97
1985-10-18,784206,294952,489254,12517,62.65,23.56,39.09,38.87
1985-10-25,787738,298122,489616,12510,62.97,23.83,39.14,40.45
1985-11-01,780656,290776,489880,12239,63.78,23.76,40.03,44.37
1985-11-08,780274,290134,490140,12017,64.93,24.14,40.79,52.71
1985-11-15,778424,288284,490140,12475,62.4,23.11,39.29,37.74
1985-11-22,782470,291676,490794,12688,61.67,22.99,38.68,34.82
1985-11-29,785197,294140,491057,12384,63.4,23.75,39.65,42.41
1985-12-06,792203,300376,491827,12574,63.0,23.89,39.11,40.58
1985-12-13,788853,296771,492082,12484,63.19,23.77,39.42,41.49
1985-12-20,792841,300234,492607,12562,63.11,23.9,39.21,41.23
1985-12-27,791217,298551,492666,12553,63.03,23.78,39.25,40.71
1986-01-03,798463,305147,493316,12365,64.57,24.68,39.9,50.31
1986-01-10,792572,299779,492793,12684,62.49,23.63,38.85,38.09
1986-01-17,790772,297979,492793,12598,62.77,23.65,39.12,39.4
1986-01-24,799138,305632,493506,12395,64.47,24.66,39.81,49.21
1986-01-31,797385,302996,494389,12388,64.37,24.46,39.91,48.25
1986-02-07,805774,311382,494392,11695,68.9,26.63,42.27,78.18
1986-02-14,801146,306754,494392,12050,66.49,25.46,41.03,63.44
1986-02-21,795347,300623,494724,12211,65.13,24.62,40.51,54.14
1986-02-28,805240,310183,495057,11925,67.53,26.01,41.51,71.42
1986-03-07,809635,313853,495782,11624,69.65,27.0,42.65,81.63
1986-03-14,808349,312567,495782,11552,69.97,27.06,42.92,82.81
1986-03-21,811129,314941,496188,11481,70.65,27.43,43.22,85.91
1986-03-28,819985,323395,496590,11592,70.74,27.9,42.84,86.13
1986-04-04,813207,316315,496892,11843,68.67,26.71,41.96,77.18
1986-04-11,816908,319613,497295,12153,67.22,26.3,40.92,69.02
1986-04-18,814778,317219,497559,12619,64.57,25.14,39.43,50.26
1986-04-25,809669,311499,498170,12568,64.42,24.79,39.64,48.73
1986-05-02,816069,317285,498784,12516,65.2,25.35,39.85,54.67
1986-05-09,810120,311336,498784,12966,62.48,24.01,38.47,38.05
1986-05-16,802132,303348,498784,13172,60.9,23.03,37.87,31.54
1986-05-23,807720,308590,499130,13306,60.7,23.19,37.51,30.8
1986-05-30,805047,305568,499479,13508,59.6,22.62,36.98,26.57
1986-06-06,811116,310824,500292,13352,60.75,23.28,37.47,31.11
1986-06-13,799944,299249,500695,13416,59.63,22.31,37.32,26.7
1986-06-20,803586,302543,501043,13295,60.44,22.76,37.69,29.93
1986-06-27,805292,303908,501384,13430,59.96,22.63,37.33,27.71
1986-07-04,801127,299341,501786,12553,63.82,23.85,39.97,44.55
1986-07-11,801002,298871,502131,13081,61.23,22.85,38.39,33.12
1986-07-18,809815,307065,502750,13064,61.99,23.5,38.48,35.86
1986-07-25,813146,310051,503095,12934,62.87,23.97,38.9,40.18
1986-08-01,823410,320012,503398,13171,62.52,24.3,38.22,38.35
1986-08-08,816324,312924,503400,13061,62.5,23.96,38.54,38.26
1986-08-15,815062,310871,504191,13253,61.5,23.46,38.04,34.16
1986-08-22,813333,308755,504578,13336,60.99,23.15,37.84,31.89
1986-08-29,815928,310955,504973,13349,61.12,23.29,37.83,32.5
1986-09-05,811219,306246,504973,13427,60.42,22.81,37.61,29.62
1986-09-12,815806,310490,505316,13406,60.85,23.16,37.69,31.33
1986-09-19,812938,307280,505658,13286,61.19,23.13,38.06,32.81
1986-09-26,819659,313278,506381,12943,63.33,24.2,39.12,42.1
1986-10-03,822132,315751,506381,12598,65.26,25.06,40.2,55.19
1986-10-10,819391,313010,506381,12749,64.27,24.55,39.72,47.38
1986-10-17,826816,320001,506815,12565,65.8,25.47,40.34,58.38
1986-10-24,825240,318425,506815,12722,64.87,25.03,39.84,52.23
1986-10-31,835276,327758,507518,12762,65.45,25.68,39.77,56.41
1986-11-07,823166,315272,507894,12765,64.49,24.7,39.79,49.39
1986-11-14,828077,319679,508398,12587,65.79,25.4,40.39,58.2
1986-11-21,826852,318454,508398,12964,63.78,24.56,39.22,44.33
1986-11-28,830304,321037,509267,13008,63.83,24.68,39.15,44.68
1986-12-05,827450,317980,509470,12962,63.84,24.53,39.3,44.76
1986-12-12,830737,321059,509678,12800,64.9,25.08,39.82,52.4
1986-12-19,828638,317982,510656,12805,64.71,24.83,39.88,51.27
1986-12-26,817598,306597,511001,12718,64.29,24.11,40.18,47.6
1987-01-02,819387,307823,511564,12969,63.18,23.74,39.45,41.45
1987-01-09,828882,316926,511956,12622,65.67,25.11,40.56,57.59
1987-01-16,819732,307260,512472,12605,65.03,24.38,40.66,53.23
1987-01-23,817272,304234,513038,12544,65.15,24.25,40.9,54.36
1987-01-30,823390,309455,513935,12250,67.22,25.26,41.95,68.85
1987-02-06,823679,308479,515200,12291,67.01,25.1,41.92,67.41
1987-02-13,823320,307917,515403,12256,67.18,25.12,42.05,68.46
1987-02-20,824014,308205,515809,12221,67.43,25.22,42.21,70.94
1987-02-27,827982,311491,516491,12077,68.56,25.79,42.77,76.7
1987-03-06,827072,310363,516709,11662,70.92,26.61,44.31,86.95
1987-03-13,823961,305895,518066,11706,70.39,26.13,44.26,84.77
1987-03-20,831803,313392,518411,12136,68.54,25.82,42.72,76.48
1987-03-27,826956,308038,518918,12215,67.7,25.22,42.48,72.91
1987-04-03,834010,314031,519979,12470,66.88,25.18,41.7,66.62
1987-04-10,828837,308491,520346,12689,65.32,24.31,41.01,55.67
1987-04-17,820369,299466,520903,12521,65.52,23.92,41.6,56.81
1987-04-24,819417,298167,521250,12640,64.83,23.59,41.24,52.01
1987-05-01,829550,307567,521983,12187,68.07,25.24,42.83,74.48
1987-05-08,825486,302611,522875,12182,67.76,24.84,42.92,73.17
1987-05-15,823633,300278,523355,12291,67.01,24.43,42.58,67.32
1987-05-22,827225,303381,523844,12539,65.97,24.19,41.78,59.86
1987-05-29,824387,299567,524820,12886,63.98,23.25,40.73,45.51
1987-06-05,826689,300954,525735,12837,64.4,23.44,40.95,48.52
1987-06-12,827429,301345,526084,12834,64.47,23.48,40.99,49.17
1987-06-19,828312,301883,526429,13060,63.42,23.12,40.31,42.45
1987-06-26,831226,304454,526772,13455,61.78,22.63,39.15,35.25
1987-07-03,832132,304943,527189,13394,62.13,22.77,39.36,36.47
1987-07-10,830849,302862,527987,13588,61.15,22.29,38.86,32.64
1987-07-17,827036,298706,528330,13573,60.93,22.01,38.93,31.63
1987-07-24,830873,301702,529171,13390,62.05,22.53,39.52,36.21
1987-07-31,836747,307077,529670,13327,62.79,23.04,39.74,39.57
1987-08-07,831468,300958,530510,13348,62.29,22.55,39.74,37.04
1987-08-14,833262,302412,530850,13335,62.49,22.68,39.81,38.13
1987-08-21,840508,309220,531288,13377,62.83,23.12,39.72,39.83
1987-08-28,841422,309451,531971,13384,62.87,23.12,39.75,40.14
1987-09-04,845465,313494,531971,13351,63.33,23.48,39.85,42.06
1987-09-11,845005,312686,532319,13282,63.62,23.54,40.08,43.24
1987-09-18,845642,312588,533054,13172,64.2,23.73,40.47,46.9
1987-09-25,849438,316043,533395,13350,63.63,23.67,39.95,43.28
1987-10-02,848080,314186,533894,13119,64.65,23.95,40.7,50.87
1987-10-09,844855,310961,533894,12590,67.11,24.7,42.41,67.89
1987-10-16,847983,313755,534228,12899,65.74,24.32,41.42,57.94
1987-10-23,851818,316857,534961,12715,66.99,24.92,42.07,67.23
1987-10-30,864201,328896,535305,12835,67.33,25.62,41.71,69.98
1987-11-06,869362,333255,536107,12649,68.73,26.35,42.38,77.49
1987-11-13,871678,335157,536521,12824,67.97,26.14,41.84,73.95
1987-11-20,875509,338198,537311,13013,67.28,25.99,41.29,69.63
1987-11-27,873521,335814,537707,13111,66.63,25.61,41.01,64.62
1987-12-04,875851,337304,538547,13065,67.04,25.82,41.22,67.63
1987-12-11,877201,338654,538547,12980,67.58,26.09,41.49,71.77
1987-12-18,879721,340670,539051,13235,66.47,25.74,40.73,63.18
1987-12-25,879336,339178,540158,13308,66.08,25.49,40.59,60.34
1988-01-01,874314,333655,540659,13323,65.62,25.04,40.58,57.37
1988-01-08,861844,320851,540993,13000,66.3,24.68,41.61,61.82
1988-01-15,862053,320568,541485,12926,66.69,24.8,41.89,64.97
1988-01-22,861245,319760,541485,12978,66.36,24.64,41.72,62.26
1988-01-29,858440,316008,542432,13164,65.21,24.01,41.21,54.76
1988-02-05,859847,317127,542720,12934,66.48,24.52,41.96,63.35
1988-02-12,855598,312386,543212,12880,66.43,24.25,42.17,62.78
1988-02-19,864088,320876,543212,12668,68.21,25.33,42.88,75.13
1988-02-26,867717,324061,543656,12642,68.64,25.63,43.0,77.14
1988-03-04,869420,325274,544146,12809,67.88,25.39,42.48,73.43
1988-03-11,869831,325188,544643,12891,67.48,25.23,42.25,71.12
1988-03-18,873580,328937,544643,13089,66.74,25.13,41.61,65.36
1988-03-25,872216,327289,544927,13190,66.13,24.81,41.31,60.65
1988-04-01,873464,328537,544927,13064,66.86,25.15,41.71,66.45
1988-04-08,879484,333705,545779,12995,67.68,25.68,42.0,72.73
1988-04-15,879480,333296,546184,13165,66.8,25.32,41.49,65.88
1988-04-22,884261,338077,546184,13351,66.23,25.32,40.91,61.3
1988-04-29,881732,335042,546690,13097,67.32,25.58,41.74,69.9
1988-05-06,887593,340335,547258,13194,67.27,25.79,41.48,69.5
1988-05-13,890802,343544,547258,13331,66.82,25.77,41.05,66.06
1988-05-20,892721,345463,547258,13426,66.49,25.73,40.76,63.48
1988-05-27,888805,341208,547597,13373,66.46,25.51,40.95,63.13
1988-06-03,890957,343019,547938,13800,64.56,24.86,39.71,50.22
1988-06-10,889280,340370,548910,13616,65.31,25.0,40.31,55.58
1988-06-17,893477,344567,548910,13333,67.01,25.84,41.17,67.36
1988-06-24,891199,341838,549361,13559,65.73,25.21,40.52,57.85
1988-07-01,892007,342310,549697,13375,66.69,25.59,41.1,65.01
1988-07-08,890187,339783,550404,13491,65.98,25.19,40.8,59.95
1988-07-15,885007,334259,550748,13498,65.57,24.76,40.8,57.02
1988-07-22,881794,330751,551043,13690,64.41,24.16,40.25,48.6
1988-07-29,883710,332365,551345,13725,64.39,24.22,40.17,48.39
1988-08-05,881982,330335,551647,13781,64.0,23.97,40.03,45.68
1988-08-12,879618,327971,551647,13686,64.27,23.96,40.31,47.43
1988-08-19,874852,323205,551647,13665,64.02,23.65,40.37,45.94
1988-08-26,870652,318511,552141,13855,62.84,22.99,39.85,39.88
1988-09-02,865685,313544,552141,14031,61.7,22.35,39.35,35.03
1988-09-09,864719,311683,553036,14089,61.38,22.12,39.25,33.51
1988-09-16,858179,305143,553036,13221,64.91,23.08,41.83,52.53
1988-09-23,853974,300430,553544,12708,67.2,23.64,43.56,68.63
1988-09-30,860182,306036,554146,13332,64.52,22.95,41.57,49.74
1988-10-07,859596,305450,554146,13100,65.62,23.32,42.3,57.29
1988-10-14,865096,310447,554649,13191,65.58,23.53,42.05,57.2
1988-10-21,870245,315085,555160,13157,66.14,23.95,42.2,60.78
1988-10-28,872404,316401,556003,12913,67.56,24.5,43.06,71.55
1988-11-04,878098,322097,556001,13130,66.88,24.53,42.35,66.58
1988-11-11,875519,318675,556844,12951,67.6,24.61,43.0,72.12
1988-11-18,884503,326823,557680,13085,67.6,24.98,42.62,71.99
1988-11-25,880588,322409,558179,13290,66.26,24.26,42.0,61.52
1988-12-02,878419,319749,558670,13345,65.82,23.96,41.86,58.64
1988-12-09,882921,324248,558673,13333,66.22,24.32,41.9,61.21
1988-12-16,878157,318990,559167,13638,64.39,23.39,41.0,48.47
1988-12-23,873932,314765,559167,13221,66.1,23.81,42.29,60.56
1988-12-30,873167,313654,559513,13533,64.52,23.18,41.34,49.78
1989-01-06,865484,305576,559908,13354,64.81,22.88,41.93,51.83
1989-01-13,863426,302665,560761,13489,64.01,22.44,41.57,45.86
1989-01-20,867699,306513,561186,13493,64.31,22.72,41.59,47.77
1989-01-27,868194,307008,561186,13424,64.67,22.87,41.8,51.09
1989-02-03,875807,313945,561862,13522,64.77,23.22,41.55,51.44
1989-02-10,867901,305217,562684,13084,66.33,23.33,43.01,62.0
1989-02-17,869093,306065,563028,12860,67.58,23.8,43.78,71.82
1989-02-24,868629,305255,563374,12609,68.89,24.21,44.68,78.1
1989-03-03,878921,315037,563884,12582,69.86,25.04,44.82,82.42
1989-03-10,878057,313828,564229,12622,69.57,24.86,44.7,80.98
1989-03-17,883938,318360,565578,12582,70.25,25.3,44.95,83.9
1989-03-24,883413,317835,565578,12787,69.09,24.86,44.23,79.28
1989-03-31,873367,307789,565578,13536,64.52,22.74,41.78,49.83
1989-04-07,872737,306513,566224,12950,67.39,23.67,43.72,70.59
1989-04-14,868793,302086,566707,13101,66.32,23.06,43.26,61.87
1989-04-21,879185,312478,566707,13007,67.59,24.02,43.57,71.95
1989-04-28,883997,316567,567430,13018,67.91,24.32,43.59,73.52
1989-05-05,895047,327039,568008,12976,68.98,25.2,43.77,78.71
1989-05-12,897795,328885,568910,13147,68.29,25.02,43.27,75.44
1989-05-19,891310,322400,568910,13424,66.4,24.02,42.38,62.57
1989-05-26,889909,320489,569420,13663,65.13,23.46,41.68,54.1
1989-06-02,895289,324887,570402,13790,64.92,23.56,41.36,52.66
1989-06-09,892553,321641,570912,13786,64.74,23.33,41.41,51.4
1989-06-16,890135,319223,570912,13865,64.2,23.02,41.18,46.95
1989-06-23,893650,322738,570912,13863,64.46,23.28,41.18,49.04
1989-06-30,887176,315455,571721,14161,62.65,22.28,40.37,38.83
1989-07-07,887810,315749,572061,13987,63.47,22.57,40.9,42.63
1989-07-14,886281,313424,572857,13928,63.63,22.5,41.13,43.37
1989-07-21,885624,312422,573202,13987,63.32,22.34,40.98,41.93
1989-07-28,887725,313680,574045,13870,64.0,22.62,41.39,45.77
1989-08-04,887592,313202,574390,13368,66.4,23.43,42.97,62.61
1989-08-11,884553,310165,574388,13740,64.38,22.57,41.8,48.3
1989-08-18,893519,319131,574388,13841,64.56,23.06,41.5,50.17
1989-08-25,892770,318038,574732,13972,63.9,22.76,41.13,45.03
1989-09-01,893339,317963,575376,14105,63.33,22.54,40.79,42.15
1989-09-08,896173,320241,575932,14076,63.67,22.75,40.92,43.63
1989-09-15,885661,309387,576274,13768,64.33,22.47,41.86,47.91
1989-09-22,887135,310542,576593,13729,64.62,22.62,42.0,50.65
1989-09-29,890249,313121,577128,13632,65.31,22.97,42.34,55.45
1989-10-06,895525,318394,577131,13488,66.39,23.61,42.79,62.52
1989-10-13,901350,323920,577430,13450,67.01,24.08,42.93,67.45
1989-10-20,894932,317150,577782,13222,67.69,23.99,43.7,72.77
1989-10-27,900068,322286,577782,13319,67.58,24.2,43.38,71.68
1989-11-03,898681,320398,578283,13277,67.69,24.13,43.56,72.82
1989-11-10,906613,327954,578659,13038,69.54,25.15,44.38,80.67
1989-11-17,906781,327780,579001,13338,67.98,24.57,43.41,74.08
1989-11-24,903612,324125,579487,13321,67.83,24.33,43.5,73.39
1989-12-01,911872,332385,579487,13581,67.14,24.47,42.67,68.15
1989-12-08,902906,323052,579854,13705,65.88,23.57,42.31,59.16
1989-12-15,907860,328006,579854,13738,66.08,23.88,42.21,60.43
1989-12-22,905214,325360,579854,13837,65.42,23.51,41.91,56.11
1989-12-29,904134,324280,579854,12147,74.43,26.7,47.74,94.33
1990-01-05,904076,324222,579854,12640,71.53,25.65,45.87,88.53
1990-01-12,908047,327819,580228,13394,67.8,24.48,43.32,73.3
1990-01-19,906401,326173,580228,13639,66.46,23.91,42.54,63.09
1990-01-26,904351,324123,580228,13716,65.93,23.63,42.3,59.55
1990-02-02,914727,334128,580599,13717,66.69,24.36,42.33,64.92
1990-02-09,910241,329316,580925,13645,66.71,24.13,42.57,65.23
1990-02-16,907794,326869,580925,13644,66.53,23.96,42.58,63.79
1990-02-23,903218,322293,580925,13526,66.78,23.83,42.95,65.58
1990-03-02,906741,325816,580925,13455,67.39,24.22,43.18,70.51
1990-03-09,913559,332142,581417,12987,70.34,25.57,44.77,84.51
1990-03-16,912113,330696,581417,12952,70.42,25.53,44.89,85.08
1990-03-23,921348,339931,581417,12896,71.44,26.36,45.09,88.22
1990-03-30,924282,342865,581417,12957,71.33,26.46,44.87,87.91
1990-04-06,932221,349942,582279,12665,73.61,27.63,45.98,92.8
1990-04-13,933138,350859,582279,13109,71.18,26.76,44.42,87.52
1990-04-20,931578,349299,582279,13313,69.98,26.24,43.74,82.85
1990-04-27,936163,353507,582656,12916,72.48,27.37,45.11,91.01
1990-05-04,936904,353485,583419,12992,72.11,27.21,44.91,89.92
1990-05-11,942503,358198,584305,12944,72.81,27.67,45.14,91.67
1990-05-18,947177,361994,585183,13159,71.98,27.51,44.47,89.7
1990-05-25,948900,362719,586181,13679,69.37,26.52,42.85,80.24
1990-06-01,951799,365618,586181,13668,69.64,26.75,42.89,81.41
1990-06-08,953667,367486,586181,13516,70.56,27.19,43.37,85.69
1990-06-15,953182,367001,586181,13581,70.18,27.02,43.16,83.6
1990-06-22,953885,367704,586181,13454,70.9,27.33,43.57,86.87
1990-06-29,955394,368708,586686,13962,68.43,26.41,42.02,76.13
1990-07-06,952344,365658,586686,14168,67.22,25.81,41.41,68.98
1990-07-13,956879,370201,586678,14192,67.42,26.09,41.34,70.81
1990-07-20,954702,368024,586678,14293,66.8,25.75,41.05,65.75
1990-07-27,959271,372593,586678,14358,66.81,25.95,40.86,65.97
1990-08-03,951525,364848,586677,14432,65.93,25.28,40.65,59.51
1990-08-10,946681,360003,586678,14345,65.99,25.1,40.9,60.03
1990-08-17,947535,360333,587202,14093,67.23,25.57,41.67,69.11
1990-08-24,950649,361957,588692,14108,67.38,25.66,41.73,70.38
1990-08-31,946333,356710,589623,14063,67.29,25.37,41.93,69.81
1990-09-07,949206,359583,589623,14203,66.83,25.32,41.51,66.23
1990-09-14,943559,353936,589623,14327,65.86,24.7,41.15,58.99
1990-09-21,937834,348211,589623,14306,65.56,24.34,41.22,56.94
1990-09-28,928007,338384,589623,13887,66.83,24.37,42.46,66.1
1990-10-05,925894,336271,589623,13477,68.7,24.95,43.75,77.4
1990-10-12,918375,328752,589623,13115,70.02,25.07,44.96,83.16
1990-10-19,915615,325992,589623,12733,71.91,25.6,46.31,89.53
1990-10-26,916857,327234,589623,12674,72.34,25.82,46.52,90.62
1990-11-02,920758,331392,589366,12898,71.39,25.69,45.69,88.13
1990-11-09,921253,333036,588217,12684,72.63,26.26,46.37,91.45
1990-11-16,915231,327293,587938,12764,71.7,25.64,46.06,89.09
1990-11-23,911584,324268,587316,12779,71.33,25.38,45.96,87.87
1990-11-30,913758,326855,586903,13711,66.64,23.84,42.81,64.66
1990-12-07,907428,321412,586016,12660,71.68,25.39,46.29,88.96
1990-12-14,905846,320154,585692,12842,70.54,24.93,45.61,85.56
1990-12-21,907684,321992,585692,12916,70.28,24.93,45.35,83.99
1990-12-28,901612,315920,585692,13009,69.31,24.28,45.02,79.97
1991-01-04,893234,307542,585692,12307,72.58,24.99,47.59,91.23
1991-01-11,894131,308440,585691,12346,72.42,24.98,47.44,90.92
1991-01-18,892742,307051,585691,12581,70.96,24.41,46.55,87.04
1991-01-25,892735,307043,585692,12757,69.98,24.07,45.91,82.9
1991-02-01,895841,310149,585692,12814,69.91,24.2,45.71,82.64
1991-02-08,896124,311359,584765,12973,69.08,24.0,45.08,79.19
1991-02-15,900784,317278,583506,12931,69.66,24.54,45.12,81.68
1991-02-22,899428,316183,583245,13107,68.62,24.12,44.5,77.01
1991-03-01,897522,315962,581560,13164,68.18,24.0,44.18,74.91
1991-03-08,892038,314290,577748,13082,68.19,24.02,44.16,74.96
1991-03-15,895651,320665,574986,12817,69.88,25.02,44.86,82.5
1991-03-22,893991,321538,572453,12676,70.53,25.37,45.16,85.51
1991-03-29,897685,326275,571410,12598,71.26,25.9,45.36,87.74
1991-04-05,889746,321264,568482,12871,69.13,24.96,44.17,79.54
1991-04-12,894244,325762,568482,12906,69.29,25.24,44.05,79.93
1991-04-19,891158,322676,568482,12950,68.82,24.92,43.9,77.75
1991-04-26,896702,328220,568482,13162,68.13,24.94,43.19,74.65
1991-05-03,892623,324141,568482,13408,66.57,24.18,42.4,64.05
1991-05-10,892389,323906,568483,13446,66.37,24.09,42.28,62.35
1991-05-17,898381,329898,568483,13325,67.42,24.76,42.66,70.72
1991-05-24,897808,329325,568483,13407,66.97,24.56,42.4,66.97
1991-05-31,904685,336202,568483,14002,64.61,24.01,40.6,50.61
1991-06-07,905491,337008,568483,13675,66.22,24.64,41.57,61.13
1991-06-14,906290,337807,568483,13928,65.07,24.25,40.82,53.45
1991-06-21,904911,336429,568482,13989,64.69,24.05,40.64,51.13
1991-06-28,901859,333376,568483,13860,65.07,24.05,41.02,53.4
1991-07-05,903062,334579,568483,13662,66.1,24.49,41.61,60.51
1991-07-12,902012,333524,568488,13415,67.24,24.86,42.38,69.15
1991-07-19,900227,331739,568488,13839,65.05,23.97,41.08,53.32
1991-07-26,896458,327970,568488,13827,64.83,23.72,41.11,52.05
1991-08-02,897147,328659,568488,13597,65.98,24.17,41.81,59.9
1991-08-09,898861,330373,568488,13697,65.62,24.12,41.5,57.42
1991-08-16,896942,328440,568502,13705,65.45,23.96,41.48,56.28
1991-08-23,902246,333744,568502,13831,65.23,24.13,41.1,55.02
1991-08-30,904148,335646,568502,14000,64.58,23.97,40.61,50.39
1991-09-06,894389,325886,568503,14164,63.15,23.01,40.14,41.36
1991-09-13,887822,319319,568503,13928,63.74,22.93,40.82,44.15
1991-09-20,887953,319450,568503,13817,64.27,23.12,41.15,47.29
1991-09-27,892660,324157,568503,13467,66.28,24.07,42.21,61.74
1991-10-04,891572,323069,568503,13555,65.77,23.83,41.94,58.16
1991-10-11,894905,326402,568503,13330,67.13,24.49,42.65,68.06
1991-10-18,892445,323942,568503,13008,68.61,24.9,43.7,76.96
1991-10-25,901266,332763,568503,12736,70.77,26.13,44.64,86.21
1991-11-01,895148,326645,568503,12716,70.4,25.69,44.71,84.82
1991-11-08,898963,330460,568503,12532,71.73,26.37,45.36,89.18
1991-11-15,904101,335596,568505,12805,70.61,26.21,44.4,85.86
1991-11-22,898093,329588,568505,13306,67.5,24.77,42.73,71.2
1991-11-29,892636,324131,568505,13020,68.56,24.89,43.66,76.75
1991-12-06,897629,329127,568502,12875,69.72,25.56,44.16,81.94
1991-12-13,891591,323089,568502,13463,66.23,24.0,42.23,61.26
1991-12-20,887439,318937,568502,13631,65.1,23.4,41.71,53.71
1991-12-27,877359,308857,568502,13524,64.87,22.84,42.04,52.31
1992-01-03,883325,314823,568502,13307,66.38,23.66,42.72,62.43
1992-01-10,886822,318314,568508,13311,66.62,23.91,42.71,64.57
1992-01-17,885646,317138,568508,12960,68.34,24.47,43.87,75.7
1992-01-24,891317,322809,568508,12595,70.77,25.63,45.14,86.26
1992-01-31,886901,318393,568508,12432,71.34,25.61,45.73,88.0
1992-02-07,886715,318207,568508,12705,69.79,25.05,44.75,82.16
1992-02-14,884910,316400,568510,12339,71.72,25.64,46.07,89.14
1992-02-21,888085,319575,568510,12380,71.74,25.81,45.92,89.22
1992-02-28,895106,326596,568510,12234,73.17,26.7,46.47,92.06
1992-03-06,901404,332894,568510,12271,73.46,27.13,46.33,92.54
1992-03-13,895959,327449,568510,12739,70.33,25.7,44.63,84.34
1992-03-20,899490,330980,568510,13033,69.02,25.4,43.62,79.01
1992-03-27,893970,325460,568510,13072,68.39,24.9,43.49,76.05
1992-04-03,890369,321859,568510,13308,66.9,24.19,42.72,66.8
1992-04-10,898825,330314,568511,13201,68.09,25.02,43.07,74.56
1992-04-17,901631,333120,568511,13213,68.24,25.21,43.03,75.26
1992-04-24,902433,333922,568511,13241,68.15,25.22,42.94,74.69
1992-05-01,903887,335376,568511,13140,68.79,25.52,43.27,77.66
1992-05-08,903227,334716,568511,13110,68.9,25.53,43.36,78.14
1992-05-15,904522,336011,568511,13510,66.95,24.87,42.08,66.88
1992-05-22,899933,331422,568511,13493,66.7,24.56,42.13,65.05
1992-05-29,897287,328776,568511,13782,65.11,23.86,41.25,53.75
1992-06-05,898109,329598,568511,13844,64.87,23.81,41.07,52.27
1992-06-12,898908,330394,568514,13821,65.04,23.91,41.13,53.27
1992-06-19,892607,324093,568514,13943,64.02,23.24,40.77,45.9
1992-06-26,882710,313189,569521,14214,62.1,22.03,40.07,36.39
1992-07-03,881717,312195,569522,14029,62.85,22.25,40.6,39.97
1992-07-10,884380,314858,569522,14126,62.61,22.29,40.32,38.61
1992-07-17,878013,308493,569520,14083,62.35,21.91,40.44,37.43
1992-07-24,877987,308467,569520,13997,62.73,22.04,40.69,39.14
1992-07-31,883778,314258,569520,13821,63.94,22.74,41.21,45.16
1992-08-07,882007,312486,569521,13942,63.26,22.41,40.85,41.71
1992-08-14,881014,311493,569521,13864,63.55,22.47,41.08,42.89
1992-08-21,885873,316097,569776,13809,64.15,22.89,41.26,46.68
1992-08-28,878737,308645,570092,13219,66.48,23.35,43.13,63.26
1992-09-04,880886,310794,570092,13083,67.33,23.76,43.58,69.94
1992-09-11,880433,310111,570322,13866,63.5,22.36,41.13,42.76
1992-09-18,881269,310947,570322,13726,64.2,22.65,41.55,46.99
1992-09-25,876535,306213,570322,13711,63.93,22.33,41.6,45.11
1992-10-02,880511,309071,571440,13766,63.96,22.45,41.51,45.33
1992-10-09,879730,308292,571438,13485,65.24,22.86,42.38,55.1
1992-10-16,883838,310536,573302,13457,65.68,23.08,42.6,57.68
1992-10-23,884863,311561,573302,13632,64.91,22.86,42.06,52.57
1992-10-30,888470,314967,573503,13627,65.2,23.11,42.09,54.62
1992-11-06,882153,308578,573575,13634,64.7,22.63,42.07,51.22
1992-11-13,875112,301537,573575,13662,64.05,22.07,41.98,46.12
1992-11-20,880930,307093,573837,13408,65.7,22.9,42.8,57.77
1992-11-27,882477,308640,573837,13619,64.8,22.66,42.14,51.7
1992-12-04,881426,307589,573837,13514,65.22,22.76,42.46,54.84
1992-12-11,887200,313161,574039,13201,67.21,23.72,43.48,68.72
1992-12-18,887235,312842,574393,13275,66.84,23.57,43.27,66.27
1992-12-25,875615,301053,574562,13217,66.25,22.78,43.47,61.43
1993-01-01,876611,301973,574638,13318,65.82,22.67,43.15,58.55
1993-01-08,874064,299341,574723,13047,66.99,22.94,44.05,67.28
1993-01-15,882249,307272,574977,13022,67.75,23.6,44.15,73.12
1993-01-22,881251,306106,575145,13124,67.15,23.32,43.82,68.24
1993-01-29,883355,308108,575247,13075,67.56,23.56,44.0,71.64
1993-02-05,887030,311717,575313,12873,68.91,24.21,44.69,78.32
1993-02-12,893719,318408,575311,13055,68.46,24.39,44.07,76.27
1993-02-19,883668,308086,575582,13223,66.83,23.3,43.53,66.14
1993-02-26,891690,315969,575721,12809,69.61,24.67,44.95,81.28
1993-03-05,897703,321897,575806,12855,69.83,25.04,44.79,82.33
1993-03-12,903521,327504,576017,12991,69.55,25.21,44.34,80.8
1993-03-19,891156,314322,576834,13258,67.22,23.71,43.51,68.94
1993-03-26,899598,322220,577378,13117,68.58,24.57,44.02,76.92
1993-04-02,900495,322889,577606,13397,67.22,24.1,43.11,68.89
1993-04-09,913006,334413,578593,12920,70.67,25.88,44.78,85.95
1993-04-16,903746,325153,578593,13446,67.21,24.18,43.03,68.76
1993-04-23,906088,326248,579840,13857,65.39,23.54,41.84,55.98
1993-04-30,910430,328945,581485,13867,65.65,23.72,41.93,57.5
1993-05-07,911324,329635,581689,13715,66.45,24.03,42.41,62.91
1993-05-14,916789,335087,581702,13643,67.2,24.56,42.64,68.59
1993-05-21,920155,338201,581954,13781,66.77,24.54,42.23,65.49
1993-05-28,916420,334383,582037,13999,65.46,23.89,41.58,56.46
1993-06-04,914807,332686,582121,14008,65.31,23.75,41.56,55.5
1993-06-11,906891,324772,582119,14054,64.53,23.11,41.42,49.96
1993-06-18,916450,334025,582425,14156,64.74,23.6,41.14,51.35
1993-06-25,922740,340315,582425,14099,65.45,24.14,41.31,56.33
1993-07-02,914521,331995,582526,14278,64.05,23.25,40.8,46.07
1993-07-09,918171,335417,582754,14325,64.1,23.41,40.68,46.38
1993-07-16,926522,343583,582939,14226,65.13,24.15,40.98,54.06
1993-07-23,920995,338056,582939,14208,64.82,23.79,41.03,51.88
1993-07-30,916578,333639,582939,14119,64.92,23.63,41.29,52.62
1993-08-06,917991,334659,583332,14229,64.52,23.52,41.0,49.61
1993-08-13,913740,330153,583587,14072,64.93,23.46,41.47,52.75
1993-08-20,909179,325426,583753,13986,65.01,23.27,41.74,53.1
1993-08-27,910619,326782,583837,13978,65.15,23.38,41.77,54.28
1993-09-03,904586,320499,584087,13852,65.3,23.14,42.17,55.41
1993-09-10,905908,321821,584087,13837,65.47,23.26,42.21,56.54
1993-09-17,906793,321610,585183,13902,65.23,23.13,42.09,54.89
1993-09-24,897592,312084,585508,13873,64.7,22.5,42.2,51.18
1993-10-01,895578,309991,585587,13956,64.17,22.21,41.96,46.77
1993-10-08,899907,314249,585658,13894,64.77,22.62,42.15,51.48
1993-10-15,895285,309375,585910,13909,64.37,22.24,42.12,48.21
1993-10-22,902793,316800,585993,13581,66.47,23.33,43.15,63.22
1993-10-29,904663,318584,586079,13693,66.07,23.27,42.8,60.25
1993-11-05,901318,315239,586079,13677,65.9,23.05,42.85,59.25
1993-11-12,906498,320250,586248,13675,66.29,23.42,42.87,61.78
1993-11-19,901306,314738,586568,13754,65.53,22.88,42.65,56.85
1993-11-26,902758,316131,586627,13621,66.28,23.21,43.07,61.61
1993-12-03,908302,321509,586793,13798,65.83,23.3,42.53,58.68
1993-12-10,914631,327837,586794,13713,66.7,23.91,42.79,65.1
1993-12-17,917131,330247,586884,13669,67.1,24.16,42.94,67.84
1993-12-24,916963,330079,586884,13451,68.17,24.54,43.63,74.87
1993-12-31,910560,323542,587018,13806,65.95,23.43,42.52,59.73
1994-01-07,903673,316593,587080,13387,67.5,23.65,43.85,71.25
1994-01-14,903479,316399,587080,13579,66.54,23.3,43.23,63.83
1994-01-21,898067,310921,587146,13408,66.98,23.19,43.79,67.02
1994-01-28,901175,314011,587164,13050,69.06,24.06,44.99,79.1
1994-02-04,905029,317837,587192,13207,68.53,24.07,44.46,76.44
1994-02-11,900674,313482,587192,13388,67.27,23.42,43.86,69.59
1994-02-18,903702,316510,587192,13405,67.42,23.61,43.8,70.68
1994-02-25,896520,309328,587192,13064,68.63,23.68,44.95,77.05
1994-03-04,904138,316945,587193,12751,70.91,24.86,46.05,86.91
1994-03-11,899062,311869,587193,12928,69.54,24.12,45.42,80.76
1994-03-18,912941,323772,589169,12814,71.25,25.27,45.98,87.7
1994-03-25,907810,318641,589169,12645,71.79,25.2,46.59,89.4
1994-04-01,907886,318717,589169,12861,70.59,24.78,45.81,85.78
1994-04-08,909488,319232,590256,13162,69.1,24.25,44.85,79.41
1994-04-15,912342,321163,591179,13715,66.52,23.42,43.1,63.7
1994-04-22,912420,321241,591179,14204,64.24,22.62,41.62,47.08
1994-04-29,913330,322151,591179,14175,64.43,22.73,41.71,48.87
1994-05-06,907637,316458,591179,14328,63.35,22.09,41.26,42.19
1994-05-13,906693,315520,591173,14439,62.79,21.85,40.94,39.62
1994-05-20,908347,317174,591173,14077,64.53,22.53,42.0,49.91
1994-05-27,907253,316080,591173,14278,63.54,22.14,41.4,42.84
1994-06-03,902769,311596,591173,14277,63.23,21.83,41.41,41.67
1994-06-10,899965,308787,591178,14445,62.3,21.38,40.93,37.13
1994-06-17,898398,307220,591178,14220,63.18,21.6,41.57,41.4
1994-06-24,901877,310699,591178,14463,62.36,21.48,40.88,37.57
1994-07-01,902820,311642,591178,14461,62.43,21.55,40.88,37.87
1994-07-08,903485,311816,591669,14207,63.59,21.95,41.65,43.19
1994-07-15,906667,314998,591669,14434,62.81,21.82,40.99,39.79
1994-07-22,909925,318255,591670,14280,63.72,22.29,41.43,44.07
1994-07-29,904073,312403,591670,14243,63.47,21.93,41.54,42.67
1994-08-05,901556,309883,591673,14407,62.58,21.51,41.07,38.53
1994-08-12,904670,312998,591672,14516,62.32,21.56,40.76,37.26
1994-08-19,901834,310161,591673,14493,62.23,21.4,40.82,36.87
1994-08-26,899390,307717,591673,14529,61.9,21.18,40.72,35.51
1994-09-02,899205,307532,591673,14438,62.28,21.3,40.98,37.0
1994-09-09,898945,307270,591675,14563,61.73,21.1,40.63,35.12
1994-09-16,900400,308725,591675,14179,63.5,21.77,41.73,42.8
1994-09-23,906295,314620,591675,14083,64.35,22.34,42.01,48.04
1994-09-30,909566,317891,591675,14099,64.51,22.55,41.97,49.56
1994-10-07,908634,316959,591675,13787,65.91,22.99,42.92,59.29
1994-10-14,913075,321399,591676,13533,67.47,23.75,43.72,71.07
1994-10-21,911246,319570,591676,13478,67.61,23.71,43.9,72.21
1994-10-28,920581,328905,591676,13074,70.41,25.16,45.26,84.9
1994-11-04,919593,327917,591676,13531,67.96,24.23,43.73,73.78
1994-11-11,918863,327189,591674,13573,67.7,24.11,43.59,72.86
1994-11-18,915885,324211,591674,13969,65.57,23.21,42.36,56.98
1994-11-25,913413,321739,591674,14294,63.9,22.51,41.39,45.07
1994-12-02,913367,321693,591674,14253,64.08,22.57,41.51,46.2
1994-12-09,911878,320205,591673,13777,66.19,23.24,42.95,60.91
1994-12-16,911223,319550,591673,13990,65.13,22.84,42.29,54.19
1994-12-23,911909,320236,591673,13938,65.43,22.98,42.45,56.15
1994-12-30,904519,312846,591673,14113,64.09,22.17,41.92,46.29
1995-01-06,906233,314560,591673,14304,63.36,21.99,41.36,42.23
1995-01-13,904948,313278,591670,13890,65.15,22.55,42.6,54.32
1995-01-20,898534,306864,591670,13538,66.37,22.67,43.7,62.39
1995-01-27,898253,306583,591670,13340,67.34,22.98,44.35,70.03
1995-02-03,901480,309810,591670,13417,67.19,23.09,44.1,68.5
1995-02-10,895147,303476,591671,13405,66.78,22.64,44.14,65.62
1995-02-17,902510,310839,591671,13563,66.54,22.92,43.62,63.92
1995-02-24,896939,305268,591671,13381,67.03,22.81,44.22,67.54
1995-03-03,899905,308234,591671,13714,65.62,22.48,43.14,57.33
1995-03-10,900392,308719,591673,13702,65.71,22.53,43.18,57.81
1995-03-17,900931,309258,591673,13414,67.16,23.05,44.11,68.41
1995-03-24,904981,313308,591673,13439,67.34,23.31,44.03,70.07
1995-03-31,912742,321069,591673,13516,67.53,23.75,43.78,71.47
1995-04-07,909938,318266,591672,13551,67.15,23.49,43.66,68.28
1995-04-14,911122,319450,591672,13682,66.59,23.35,43.24,64.18
1995-04-21,914145,322472,591673,14257,64.12,22.62,41.5,46.55
1995-04-28,910037,318365,591672,14154,64.3,22.49,41.8,47.64
1995-05-05,908116,316444,591672,13983,64.94,22.63,42.31,52.79
1995-05-12,908938,317267,591671,13983,65.0,22.69,42.31,53.05
1995-05-19,904789,313118,591671,14331,63.14,21.85,41.29,41.27
1995-05-26,901770,310099,591671,14666,61.49,21.14,40.34,34.12
1995-06-02,899614,307943,591671,14665,61.34,21.0,40.35,33.38
1995-06-09,899059,307390,591669,14752,60.94,20.84,40.11,31.68
1995-06-16,898570,306901,591669,14710,61.09,20.86,40.22,32.42
1995-06-23,891103,299434,591669,14731,60.49,20.33,40.16,30.1
1995-06-30,894829,303160,591669,14512,61.66,20.89,40.77,34.73
1995-07-07,893654,301985,591669,14365,62.21,21.02,41.19,36.82
1995-07-14,893637,301968,591669,14474,61.74,20.86,40.88,35.17
1995-07-21,886757,295085,591672,14289,62.06,20.65,41.41,36.26
1995-07-28,889706,298034,591672,14323,62.12,20.81,41.31,36.43
1995-08-04,882865,291165,591700,14313,61.68,20.34,41.34,34.95
1995-08-11,885340,293670,591670,14244,62.16,20.62,41.54,36.61
1995-08-18,877950,286280,591670,14156,62.02,20.22,41.8,36.04
1995-08-25,880903,289233,591670,14188,62.09,20.39,41.7,36.34
1995-09-01,888324,296654,591670,14473,61.38,20.5,40.88,33.55
1995-09-08,883722,292052,591670,14582,60.6,20.03,40.58,30.45
1995-09-15,882818,291145,591673,14604,60.45,19.94,40.51,30.02
1995-09-22,882268,290595,591673,14310,61.65,20.31,41.35,34.64
1995-09-29,877213,285540,591673,14351,61.13,19.9,41.23,32.55
1995-10-06,872829,281156,591673,14040,62.17,20.03,42.14,36.65
1995-10-13,872804,281131,591673,13458,64.85,20.89,43.96,52.14
1995-10-20,874975,283307,591668,13671,64.0,20.72,43.28,45.72
1995-10-27,876499,284831,591668,13676,64.09,20.83,43.26,46.25
1995-11-03,879790,288122,591668,13609,64.65,21.17,43.48,51.0
1995-11-10,878159,286496,591663,13433,65.37,21.33,44.05,55.93
1995-11-17,887768,296105,591663,13769,64.48,21.51,42.97,49.26
1995-11-24,893847,302184,591663,13902,64.3,21.74,42.56,47.73
1995-12-01,890735,299072,591663,14203,62.71,21.06,41.66,39.09
1995-12-08,886475,294812,591663,14302,61.98,20.61,41.37,35.78
1995-12-15,892325,300674,591651,14020,63.65,21.45,42.2,43.54
1995-12-22,886465,294817,591648,13876,63.88,21.25,42.64,44.94
1995-12-29,876239,284591,591648,14049,62.37,20.26,42.11,37.61
1996-01-05,877271,285623,591648,13980,62.75,20.43,42.32,39.31
1996-01-12,880191,288551,591640,13733,64.09,21.01,43.08,46.34
1996-01-19,884469,292829,591640,13830,63.95,21.17,42.78,45.29
1996-01-26,882724,291084,591640,13693,64.47,21.26,43.21,49.13
1996-02-02,880314,288674,591640,13651,64.49,21.15,43.34,49.48
1996-02-09,878080,286440,591640,13610,64.52,21.05,43.47,49.65
1996-02-16,875010,283380,591630,13582,64.42,20.86,43.56,48.78
1996-02-23,875353,283723,591630,13443,65.12,21.11,44.01,53.84
1996-03-01,872078,280448,591630,13672,63.79,20.51,43.27,44.42
1996-03-08,880303,288673,591630,13638,64.55,21.17,43.38,50.04
1996-03-15,875021,283404,591617,13649,64.11,20.76,43.35,46.51
1996-03-22,873804,282187,591617,13690,63.83,20.61,43.22,44.63
1996-03-29,869246,280124,589122,14055,61.85,19.93,41.92,35.47
1996-04-05,871553,282424,589129,14001,62.25,20.17,42.08,36.91
1996-04-12,871467,283823,587644,14162,61.54,20.04,41.49,34.29
1996-04-19,866788,279794,586994,14193,61.07,19.71,41.36,32.37
1996-04-26,865917,279424,586493,14223,60.88,19.65,41.24,31.5
1996-05-03,873097,286604,586493,14268,61.19,20.09,41.11,32.85
1996-05-10,871395,284902,586493,14153,61.57,20.13,41.44,34.38
1996-05-17,866935,280450,586485,14104,61.47,19.88,41.58,33.94
1996-05-24,868063,281578,586485,14469,59.99,19.46,40.53,27.79
1996-05-31,879330,293515,585815,14525,60.54,20.21,40.33,30.32
1996-06-07,877666,291863,585803,14561,60.28,20.04,40.23,28.84
1996-06-14,874656,288853,585803,14467,60.46,19.97,40.49,30.06
1996-06-21,874178,289709,584469,14505,60.27,19.97,40.29,28.8
1996-06-28,881031,296562,584469,14531,60.63,20.41,40.22,30.54
1996-07-05,882687,298222,584465,14361,61.46,20.77,40.7,33.9
1996-07-12,879679,295695,583984,14386,61.15,20.55,40.59,32.68
1996-07-19,875440,291857,583583,14361,60.96,20.32,40.64,31.76
1996-07-26,876086,292972,583114,14277,61.36,20.52,40.84,33.42
1996-08-02,873207,290295,582912,14384,60.71,20.18,40.53,30.85
1996-08-09,870523,289134,581389,14494,60.06,19.95,40.11,27.84
1996-08-16,871882,291014,580868,14331,60.84,20.31,40.53,31.28
1996-08-23,881010,300715,580295,14391,61.22,20.9,40.32,33.03
1996-08-30,874299,295650,578649,14362,60.88,20.59,40.29,31.41
1996-09-06,870137,292562,577575,14432,60.29,20.27,40.02,28.93
1996-09-13,866819,290575,576244,14428,60.08,20.14,39.94,28.05
1996-09-20,867471,291751,575720,14469,59.95,20.16,39.79,27.66
1996-09-27,860303,286638,573665,14536,59.18,19.72,39.47,25.09
1996-10-04,859926,286261,573665,14564,59.04,19.66,39.39,24.48
1996-10-11,856619,282960,573659,14106,60.73,20.06,40.67,31.02
1996-10-18,862360,288701,573659,14146,60.96,20.41,40.55,31.81
1996-10-25,859301,285642,573659,14296,60.11,19.98,40.13,28.32
1996-11-01,869551,295892,573659,14388,60.44,20.57,39.87,29.89
1996-11-08,864383,290762,573621,13779,62.73,21.1,41.63,39.27
1996-11-15,861687,288297,573390,14061,61.28,20.5,40.78,33.25
1996-11-22,855564,283501,572063,14341,59.66,19.77,39.89,26.83
1996-11-29,854847,283728,571119,14327,59.67,19.8,39.86,26.88
1996-12-06,852835,282735,570100,14433,59.09,19.59,39.5,24.65
1996-12-13,849608,279788,569820,14269,59.54,19.61,39.93,26.4
1996-12-20,841779,273685,568094,14292,58.9,19.15,39.75,24.21
1996-12-27,843594,276127,567467,14239,59.25,19.39,39.85,25.44
1997-01-03,834666,267904,566762,14081,59.28,19.03,40.25,25.61
1997-01-10,838772,272956,565816,13771,60.91,19.82,41.09,31.59
1997-01-17,836679,271491,565188,13634,61.37,19.91,41.45,33.46
1997-01-24,839646,274863,564783,13505,62.17,20.35,41.82,36.69
1997-01-31,844691,280898,563793,13733,61.51,20.45,41.05,34.21
1997-02-07,847731,284247,563484,13257,63.95,21.44,42.5,45.24
1997-02-14,852214,288732,563482,13229,64.42,21.83,42.59,48.69
1997-02-21,852050,288568,563482,13401,63.58,21.53,42.05,43.11
1997-02-28,846627,283145,563482,13482,62.8,21.0,41.8,39.7
1997-03-07,851957,288475,563482,13670,62.32,21.1,41.22,37.3
1997-03-14,852059,288585,563474,13758,61.93,20.98,40.96,35.65
1997-03-21,850971,287497,563474,14110,60.31,20.38,39.93,29.1
1997-03-28,857317,293843,563474,14204,60.36,20.69,39.67,29.54
1997-04-04,857515,294041,563474,14246,60.19,20.64,39.55,28.62
1997-04-11,860134,296665,563469,14208,60.54,20.88,39.66,30.28
1997-04-18,861594,298115,563479,14257,60.43,20.91,39.52,29.84
1997-04-25,864420,300941,563479,14095,61.33,21.35,39.98,33.33
1997-05-02,864354,300885,563469,14386,60.08,20.92,39.17,28.14
1997-05-09,870743,307280,563463,14867,58.57,20.67,37.9,23.12
1997-05-16,865308,301845,563463,14886,58.13,20.28,37.85,21.9
1997-05-23,868522,305059,563463,15070,57.63,20.24,37.39,20.72
1997-05-30,872724,309261,563463,15364,56.8,20.13,36.67,17.71
1997-06-06,872308,308845,563463,15269,57.13,20.23,36.9,19.11
1997-06-13,871048,307589,563459,15109,57.65,20.36,37.29,20.77
1997-06-20,870585,307126,563459,15174,57.37,20.24,37.13,19.68
1997-06-27,864858,301399,563459,15101,57.27,19.96,37.31,19.5
1997-07-04,869677,306218,563459,14867,58.5,20.6,37.9,22.73
1997-07-11,867214,303759,563455,15157,57.22,20.04,37.17,19.33
1997-07-18,865229,301774,563455,15036,57.54,20.07,37.47,20.46
1997-07-25,855339,291884,563455,14867,57.53,19.63,37.9,20.33
1997-08-01,854575,291120,563455,15089,56.64,19.29,37.34,16.88
1997-08-08,859710,296258,563452,14871,57.81,19.92,37.89,21.07
1997-08-15,860334,296882,563452,15090,57.01,19.67,37.34,18.59
1997-08-22,855080,291628,563452,15335,55.76,19.02,36.74,14.7
1997-08-29,853478,290026,563452,15459,55.21,18.76,36.45,13.26
1997-09-05,847380,283928,563452,15442,54.88,18.39,36.49,12.57
1997-09-12,851171,287722,563449,15398,55.28,18.69,36.59,13.53
1997-09-19,847288,283839,563449,15317,55.32,18.53,36.79,13.7
1997-09-26,848606,285157,563449,15273,55.56,18.67,36.89,14.09
1997-10-03,853393,289944,563449,15199,56.15,19.08,37.07,15.71
1997-10-10,851216,287772,563444,15303,55.62,18.8,36.82,14.27
1997-10-17,847918,284474,563444,14881,56.98,19.12,37.86,18.41
1997-10-24,852523,289079,563444,14708,57.96,19.65,38.31,21.51
1997-10-31,858542,295098,563444,14782,58.08,19.96,38.12,21.73
1997-11-07,857233,293789,563444,14550,58.92,20.19,38.72,24.35
1997-11-14,862514,299075,563439,14346,60.12,20.85,39.27,28.36
1997-11-21,866288,302849,563439,14801,58.53,20.46,38.07,22.91
1997-11-28,869108,305669,563439,14946,58.15,20.45,37.7,21.99
1997-12-05,864350,300911,563439,14863,58.15,20.25,37.91,22.03
1997-12-12,866890,303451,563439,14958,57.95,20.29,37.67,21.47
1997-12-19,862912,299482,563430,14913,57.86,20.08,37.78,21.29
1997-12-26,859660,296230,563430,15031,57.19,19.71,37.48,19.2
1998-01-02,853194,289764,563430,14983,56.94,19.34,37.6,18.28
1998-01-09,852114,288685,563429,14810,57.54,19.49,38.04,20.42
1998-01-16,863326,299897,563429,14530,59.42,20.64,38.78,25.87
1998-01-23,869012,305583,563429,14335,60.62,21.32,39.3,30.5
1998-01-30,868440,304961,563479,14190,61.2,21.49,39.71,32.9
1998-02-06,868412,304983,563429,14396,60.32,21.19,39.14,29.23
1998-02-13,870115,306685,563430,13957,62.34,21.97,40.37,37.39
1998-02-20,872998,309568,563430,13849,63.04,22.35,40.68,40.75
1998-02-27,871399,307969,563430,13863,62.86,22.22,40.64,40.1
1998-03-06,870624,307194,563430,14450,60.25,21.26,38.99,28.75
1998-03-13,868563,305137,563426,14554,59.68,20.97,38.71,26.92
1998-03-20,875032,311606,563426,14553,60.13,21.41,38.72,28.45
1998-03-27,876626,313200,563426,14683,59.7,21.33,38.37,27.01
1998-04-03,877995,314569,563426,14681,59.8,21.43,38.38,27.31
1998-04-10,883325,319899,563426,14874,59.39,21.51,37.88,25.79
1998-04-17,888332,324906,563426,15381,57.76,21.12,36.63,20.9
1998-04-24,888635,325209,563426,14947,59.45,21.76,37.69,26.22
1998-05-01,890794,327368,563426,15340,58.07,21.34,36.73,21.68
1998-05-08,890131,326705,563426,14954,59.52,21.85,37.68,26.31
1998-05-15,901354,337928,563426,15061,59.85,22.44,37.41,27.49
1998-05-22,898108,334682,563426,15340,58.55,21.82,36.73,23.04
1998-05-29,893820,330394,563426,15595,57.31,21.19,36.13,19.59
1998-06-05,892960,329534,563426,15238,58.6,21.63,36.98,23.25
1998-06-12,890262,326836,563426,15481,57.51,21.11,36.39,20.24
1998-06-19,888610,325182,563428,15481,57.4,21.01,36.39,19.76
1998-06-26,890271,326843,563428,15408,57.78,21.21,36.57,20.94
1998-07-03,887485,324057,563428,15280,58.08,21.21,36.87,21.77
1998-07-10,880854,317425,563429,15724,56.02,20.19,35.83,15.27
1998-07-17,886395,322966,563429,15673,56.56,20.61,35.95,16.58
1998-07-24,890224,326795,563429,15651,56.88,20.88,36.0,18.02
1998-07-31,890907,327478,563429,15521,57.4,21.1,36.3,19.81
1998-08-07,891852,328423,563429,15427,57.81,21.29,36.52,21.03
1998-08-14,891316,327887,563429,15615,57.08,21.0,36.08,18.89
1998-08-21,884438,321012,563426,15716,56.28,20.43,35.85,15.97
1998-08-28,884120,320694,563426,15763,56.09,20.34,35.74,15.49
1998-09-04,875483,312057,563426,15520,56.41,20.11,36.3,16.19
1998-09-11,873101,309675,563426,15560,56.11,19.9,36.21,15.58
1998-09-18,863762,300336,563426,15094,57.23,19.9,37.33,19.37
1998-09-25,866859,303433,563426,14898,58.19,20.37,37.82,22.12
1998-10-02,869319,305893,563426,13953,62.3,21.92,40.38,37.17
1998-10-09,876108,312682,563426,13684,64.02,22.85,41.17,45.99
1998-10-16,879653,316227,563426,13577,64.79,23.29,41.5,51.61
1998-10-23,883390,319964,563426,13868,63.7,23.07,40.63,43.85
1998-10-30,887165,323739,563426,14612,60.71,22.16,38.56,30.93
1998-11-06,886358,322932,563426,14905,59.47,21.67,37.8,26.27
1998-11-13,884412,320397,564015,15050,58.76,21.29,37.48,24.0
1998-11-20,889569,325554,564015,14805,60.09,21.99,38.1,28.18
1998-11-27,884001,319986,564015,14713,60.08,21.75,38.33,28.1
1998-12-04,882480,318465,564015,14751,59.83,21.59,38.24,27.36
1998-12-11,885899,321884,564015,14799,59.86,21.75,38.11,27.57
1998-12-18,891889,323364,568525,14705,60.65,21.99,38.66,30.63
1998-12-25,889231,320706,568525,15153,58.68,21.16,37.52,23.56
1999-01-01,874253,305728,568525,15404,56.75,19.85,36.91,17.45
1999-01-08,876793,308268,568525,15263,57.45,20.2,37.25,19.98
1999-01-15,879500,310975,568525,14914,58.97,20.85,38.12,24.43
1999-01-22,885553,314148,571405,14163,62.53,22.18,40.34,38.39
1999-01-29,888135,316730,571405,14257,62.29,22.22,40.08,37.09
1999-02-05,888536,317131,571405,14332,62.0,22.13,39.87,35.95
1999-02-12,887344,315393,571951,14629,60.66,21.56,39.1,30.72
1999-02-19,890431,318431,572000,14496,61.43,21.97,39.46,33.73
1999-02-26,887225,315274,571951,14424,61.51,21.86,39.65,34.25
1999-03-05,890217,318266,571951,14491,61.43,21.96,39.47,33.77
1999-03-12,893880,321929,571951,14273,62.63,22.56,40.07,38.66
1999-03-19,896687,324736,571951,14247,62.94,22.79,40.15,40.27
1999-03-26,900490,328539,571951,14340,62.8,22.91,39.89,39.66
1999-04-02,898719,326768,571951,14711,61.09,22.21,38.88,32.46
1999-04-09,900836,328885,571951,15213,59.21,21.62,37.6,25.22
1999-04-16,897680,325729,571951,15240,58.9,21.37,37.53,24.26
1999-04-23,894237,322286,571951,15004,59.6,21.48,38.12,26.61
1999-04-30,892096,320145,571951,15274,58.41,20.96,37.45,22.51
1999-05-07,889490,317539,571951,14965,59.44,21.22,38.22,26.18
1999-05-14,890544,318092,572452,14958,59.54,21.27,38.27,26.35
1999-05-21,888221,315769,572452,15027,59.11,21.01,38.09,24.74
1999-05-28,887174,314722,572452,14983,59.21,21.01,38.21,25.17
1999-06-04,889310,316858,572452,15211,58.46,20.83,37.63,22.6
1999-06-11,892267,318672,573595,15170,58.82,21.01,37.81,24.04
1999-06-18,889544,315949,573595,15011,59.26,21.05,38.21,25.48
1999-06-25,887820,314225,573595,15007,59.16,20.94,38.22,25.0
1999-07-02,887625,314030,573595,14973,59.28,20.97,38.31,25.7
1999-07-09,891313,317718,573595,15117,58.96,21.02,37.94,24.39
1999-07-16,892891,318092,574799,15379,58.06,20.68,37.38,21.64
1999-07-23,887715,312916,574799,15342,57.86,20.4,37.47,21.25
1999-07-30,884315,309516,574799,15394,57.45,20.11,37.34,19.94
1999-08-06,882048,307249,574799,15562,56.68,19.74,36.94,17.1
1999-08-13,881318,305616,575702,15469,56.97,19.76,37.22,18.37
1999-08-20,876793,301091,575702,15461,56.71,19.47,37.24,17.23
1999-08-27,877355,301653,575702,15224,57.63,19.81,37.82,20.68
1999-09-03,872914,297212,575702,15554,56.12,19.11,37.01,15.66
1999-09-10,868632,292930,575702,15260,56.92,19.2,37.73,18.19
1999-09-17,867995,293119,574876,15210,57.07,19.27,37.8,18.8
1999-09-24,863738,288862,574876,15157,56.99,19.06,37.93,18.46
1999-10-01,863271,288395,574876,15198,56.8,18.98,37.83,17.67
1999-10-08,856062,281186,574876,15008,57.04,18.74,38.3,18.67
1999-10-15,860081,284609,575472,14659,58.67,19.42,39.26,23.52
1999-10-22,860350,284878,575472,14475,59.44,19.68,39.76,26.13
1999-10-29,864071,288599,575472,14749,58.59,19.57,39.02,23.21
1999-11-05,861746,288955,572791,14725,58.52,19.62,38.9,22.86
1999-11-12,863524,290755,572769,14696,58.76,19.78,38.97,23.91
1999-11-19,858663,287692,570971,14838,57.87,19.39,38.48,21.34
1999-11-26,853174,283338,569836,14843,57.48,19.09,38.39,20.16
1999-12-03,852178,283063,569115,14925,57.1,18.97,38.13,18.98
1999-12-10,845452,277477,567975,14631,57.78,18.97,38.82,20.99
1999-12-17,844622,276646,567976,14661,57.61,18.87,38.74,20.64
1999-12-24,844029,276345,567684,14380,58.69,19.22,39.48,23.6
1999-12-31,842310,274626,567684,14390,58.53,19.08,39.45,22.95
2000-01-07,844791,277549,567242,13905,60.75,19.96,40.79,31.15
2000-01-14,844982,277464,567518,13746,61.47,20.19,41.29,33.99
2000-01-21,843147,275032,568115,13850,60.88,19.86,41.02,31.46
2000-01-28,835028,266614,568414,14087,59.28,18.93,40.35,25.65
2000-02-04,838976,269982,568994,13707,61.21,19.7,41.51,32.94
2000-02-11,839088,269796,569292,13882,60.44,19.43,41.01,29.97
2000-02-18,838780,269487,569293,14004,59.9,19.24,40.65,27.62
2000-02-25,838911,269816,569095,14184,59.14,19.02,40.12,24.91
2000-03-03,843876,274502,569374,14201,59.42,19.33,40.09,25.92
2000-03-10,844307,274933,569374,14453,58.42,19.02,39.39,22.56
2000-03-17,845945,276572,569373,14428,58.63,19.17,39.46,23.39
2000-03-24,845795,276422,569373,14702,57.53,18.8,38.73,20.29
2000-03-31,847336,277924,569412,14941,56.71,18.6,38.11,17.32
2000-04-07,850183,280771,569412,15010,56.64,18.71,37.94,16.97
2000-04-14,855678,286265,569413,15048,56.86,19.02,37.84,17.93
2000-04-21,860748,291335,569413,15011,57.34,19.41,37.93,19.63
2000-04-28,857484,288071,569413,15368,55.8,18.74,37.05,14.88
2000-05-05,862020,292607,569413,15152,56.89,19.31,37.58,18.11
2000-05-12,862270,292857,569413,15443,55.84,18.96,36.87,14.97
2000-05-19,863219,293806,569413,15535,55.57,18.91,36.65,14.18
2000-05-26,858618,289205,569413,15669,54.8,18.46,36.34,12.35
2000-06-02,854488,285075,569413,15676,54.51,18.19,36.32,11.82
2000-06-09,853052,283639,569413,15619,54.62,18.16,36.46,12.13
2000-06-16,848491,279078,569413,15723,53.96,17.75,36.22,10.51
2000-06-23,847822,279405,568417,15732,53.89,17.76,36.13,10.17
2000-06-30,846028,277611,568417,15668,54.0,17.72,36.28,10.56
2000-07-07,847777,278885,568892,15655,54.15,17.81,36.34,10.95
2000-07-14,847768,278400,569368,15781,53.72,17.64,36.08,9.73
2000-07-21,848042,278674,569368,15832,53.57,17.6,35.96,9.38
2000-07-28,837588,268121,569467,15829,52.91,16.94,35.98,7.94
2000-08-04,840011,269659,570352,15695,53.52,17.18,36.34,9.25
2000-08-11,843925,273059,570866,15709,53.72,17.38,36.34,9.77
2000-08-18,839767,268901,570866,15764,53.27,17.06,36.21,8.6
2000-08-25,842054,270948,571106,15623,53.9,17.34,36.56,10.21
2000-09-01,844797,273691,571106,15787,53.51,17.34,36.18,9.16
2000-09-08,844129,272764,571365,15765,53.54,17.3,36.24,9.34
2000-09-15,841647,270282,571365,15318,54.94,17.64,37.3,12.7
2000-09-22,841146,269781,571365,15669,53.68,17.22,36.46,9.55
2000-09-29,841541,270873,570668,15572,54.04,17.39,36.65,10.69
2000-10-06,842032,271752,570280,15139,55.62,17.95,37.67,14.22
2000-10-13,837997,267235,570762,14943,56.08,17.88,38.2,15.4
2000-10-20,840402,269640,570762,15135,55.53,17.82,37.71,14.05
2000-10-27,836037,268151,567886,15351,54.46,17.47,36.99,11.65
2000-11-03,832589,266594,565995,15359,54.21,17.36,36.85,11.08
2000-11-10,832589,268091,564498,15291,54.45,17.53,36.92,11.56
2000-11-17,834581,274255,560326,15082,55.34,18.18,37.15,13.74
2000-11-24,828454,274177,554277,14787,56.03,18.54,37.48,15.31
2000-12-01,828995,276195,552800,15000,55.27,18.41,36.85,13.48
2000-12-08,820530,272826,547704,15171,54.09,17.98,36.1,10.86
2000-12-15,819194,275859,543335,15311,53.5,18.02,35.49,9.12
2000-12-22,816514,274608,541906,15186,53.77,18.08,35.68,9.9
2000-12-29,813959,272771,541188,15306,53.18,17.82,35.36,8.42
2001-01-05,812750,272072,540678,15099,53.83,18.02,35.81,9.99
2001-01-12,811740,271062,540678,15125,53.67,17.92,35.75,9.51
2001-01-19,810630,269952,540678,14926,54.31,18.09,36.22,11.34
2001-01-26,807060,266382,540678,14916,54.11,17.86,36.25,10.91
2001-02-02,810971,269298,541673,14727,55.07,18.29,36.78,13.0
2001-02-09,814338,272662,541676,14667,55.52,18.59,36.93,14.01
2001-02-16,802458,260782,541676,14794,54.24,17.63,36.61,11.17
2001-02-23,805337,263661,541676,15049,53.51,17.52,35.99,9.21
2001-03-02,802625,260949,541676,15088,53.2,17.3,35.9,8.46
2001-03-09,811050,268920,542130,14803,54.79,18.17,36.62,12.3
2001-03-16,816213,273922,542291,14976,54.5,18.29,36.21,11.74
2001-03-23,827401,285110,542291,14664,56.42,19.44,36.98,16.23
2001-03-30,829086,286795,542291,14657,56.57,19.57,37.0,16.67
2001-04-06,832897,290606,542291,14793,56.3,19.64,36.66,16.01
2001-04-13,839107,296817,542290,15370,54.59,19.31,35.28,12.04
2001-04-20,837742,295392,542350,15850,52.85,18.64,34.22,7.72
2001-04-27,844067,301717,542350,15788,53.46,19.11,34.35,8.99
2001-05-04,845144,302335,542809,15739,53.7,19.21,34.49,9.64
2001-05-11,848081,304811,543270,15405,55.05,19.79,35.27,12.91
2001-05-18,851423,308153,543270,15641,54.44,19.7,34.73,11.52
2001-05-25,849681,306411,543270,15710,54.09,19.5,34.58,10.82
2001-06-01,851183,307913,543270,16047,53.04,19.19,33.85,8.25
2001-06-08,842979,299709,543270,16004,52.67,18.73,33.95,7.33
2001-06-15,842251,298981,543270,15512,54.3,19.27,35.02,11.3
2001-06-22,842243,298973,543270,15409,54.66,19.4,35.26,12.17
2001-06-29,837490,294220,543270,15760,53.14,18.67,34.47,8.33
2001-07-06,834845,291112,543733,15760,52.97,18.47,34.5,8.07
2001-07-13,841866,298133,543733,15508,54.29,19.22,35.06,11.26
2001-07-20,843246,299513,543733,15251,55.29,19.64,35.65,13.57
2001-07-27,842196,298463,543733,15249,55.23,19.57,35.66,13.31
2001-08-03,835537,291804,543733,15235,54.84,19.15,35.69,12.48
2001-08-10,832688,288954,543734,15345,54.26,18.83,35.43,11.21
2001-08-17,828685,284951,543734,15182,54.58,18.77,35.81,12.0
2001-08-24,831382,287648,543734,15143,54.9,19.0,35.91,12.65
2001-08-31,829428,285694,543734,15393,53.88,18.56,35.32,10.12
2001-09-07,830389,286655,543734,15733,52.78,18.22,34.56,7.5
2001-09-14,830307,286029,544278,15050,55.17,19.01,36.16,13.18
2001-09-21,833974,289215,544759,14810,56.31,19.53,36.78,16.1
2001-09-28,835586,290827,544759,15000,55.71,19.39,36.32,14.49
2001-10-05,835459,290699,544760,15077,55.41,19.28,36.13,13.87
2001-10-12,831019,286259,544760,15083,55.1,18.98,36.12,13.09
2001-10-19,833842,289082,544760,15279,54.57,18.92,35.65,11.95
2001-10-26,836298,291538,544760,15343,54.51,19.0,35.51,11.78
2001-11-02,840757,295552,545205,15089,55.72,19.59,36.13,14.57
2001-11-09,841019,295285,545734,14649,57.41,20.16,37.25,19.85
2001-11-16,840320,294065,546255,14823,56.69,19.84,36.85,17.15
2001-11-23,837664,290885,546779,15055,55.64,19.32,36.32,14.31
2001-11-30,842465,295140,547325,15095,55.81,19.55,36.26,14.92
2001-12-07,840128,292803,547325,14846,56.59,19.72,36.87,16.71
2001-12-14,841508,293164,548344,14877,56.56,19.71,36.86,16.62
2001-12-21,844824,295777,549047,14630,57.75,20.22,37.53,20.81
2001-12-28,842654,293607,549047,14883,56.62,19.73,36.89,16.8
2002-01-04,844645,294406,550239,14876,56.78,19.79,36.99,17.58
2002-01-11,846705,295434,551271,14953,56.62,19.76,36.87,16.84
2002-01-18,850640,298183,552457,14602,58.26,20.42,37.83,22.25
2002-01-25,853793,300289,553504,14130,60.42,21.25,39.17,29.76
2002-02-01,856721,302497,554224,14180,60.42,21.33,39.08,29.67
2002-02-08,862065,304998,557067,14284,60.35,21.35,39.0,29.41
2002-02-15,859337,301890,557447,14388,59.73,20.98,38.74,27.09
2002-02-22,858593,299422,559171,14539,59.05,20.59,38.46,24.56
2002-03-01,863481,303756,559725,14149,61.03,21.47,39.56,32.16
2002-03-08,864053,304089,559964,14009,61.68,21.71,39.97,34.9
2002-03-15,867613,306697,560916,14221,61.01,21.57,39.44,32.02
2002-03-22,863169,302253,560916,14475,59.63,20.88,38.75,26.79
2002-03-29,869193,308278,560915,14653,59.32,21.04,38.28,25.74
2002-04-05,870028,308541,561487,14973,58.11,20.61,37.5,21.86
2002-04-12,865998,302876,563122,15182,57.04,19.95,37.09,18.72
2002-04-19,869400,304462,564938,15126,57.48,20.13,37.35,20.11
2002-04-26,874551,309034,565517,15280,57.24,20.22,37.01,19.42
2002-05-03,870114,303358,566756,15514,56.09,19.55,36.53,15.45
2002-05-10,866889,299171,567718,15407,56.27,19.42,36.85,15.92
2002-05-17,872140,303801,568339,15084,57.82,20.14,37.68,21.16
2002-05-24,871756,302265,569491,15225,57.26,19.85,37.4,19.46
2002-05-31,879039,308297,570742,15402,57.07,20.02,37.06,18.85
2002-06-07,878974,307115,571859,15387,57.12,19.96,37.17,19.07
2002-06-14,879382,306632,572750,15451,56.91,19.85,37.07,18.15
2002-06-21,877526,303193,574333,15341,57.2,19.76,37.44,19.24
2002-06-28,880183,304766,575417,15517,56.72,19.64,37.08,17.41
2002-07-05,876805,300361,576444,15572,56.31,19.29,37.02,16.06
2002-07-12,875906,298381,577525,15448,56.7,19.32,37.39,17.19
2002-07-19,872747,294699,578048,15409,56.64,19.13,37.51,16.93
2002-07-26,870770,292722,578048,15614,55.77,18.75,37.02,14.75
2002-08-02,869164,290642,578522,15289,56.85,19.01,37.84,17.84
2002-08-09,862532,283437,579095,15284,56.43,18.54,37.89,16.27
2002-08-16,865875,286290,579585,15452,56.04,18.53,37.51,15.36
2002-08-23,866770,286554,580216,15284,56.71,18.75,37.96,17.28
2002-08-30,862811,281926,580885,15349,56.21,18.37,37.85,15.84
2002-09-06,859139,276874,582265,15436,55.66,17.94,37.72,14.4
2002-09-13,855101,271470,583631,15147,56.45,17.92,38.53,16.32
2002-09-20,852861,268878,583983,15174,56.21,17.72,38.49,15.79
2002-09-27,844179,258896,585283,14903,56.64,17.37,39.27,17.02
2002-10-04,840480,254248,586232,13768,61.05,18.47,42.58,32.2
2002-10-11,850954,263223,587731,13228,64.33,19.9,44.43,47.95
2002-10-18,858130,270000,588130,14272,60.13,18.92,41.21,28.4
2002-10-25,859477,270914,588563,14729,58.35,18.39,39.96,22.38
2002-11-01,863471,274396,589075,14861,58.1,18.46,39.64,21.82
2002-11-08,858147,267506,590641,14836,57.84,18.03,39.81,21.2
2002-11-15,863910,271961,591949,15032,57.47,18.09,39.38,20.07
2002-11-22,861568,268062,593506,15179,56.76,17.66,39.1,17.5
2002-11-29,865775,271138,594637,15316,56.53,17.7,38.82,16.49
2002-12-06,869699,272561,597138,15256,57.01,17.87,39.14,18.54
2002-12-13,868583,270500,598083,14849,58.49,18.22,40.28,22.69
2002-12-20,870009,271215,598794,14640,59.43,18.53,40.9,25.96
2002-12-27,860984,262089,598895,14965,57.53,17.51,40.02,20.38
2003-01-03,861603,262508,599095,14880,57.9,17.64,40.26,21.42
2003-01-10,855330,256079,599251,15035,56.89,17.03,39.86,18.06
2003-01-17,856915,257664,599251,14637,58.54,17.6,40.94,22.99
2003-01-24,856403,257156,599247,14191,60.35,18.12,42.23,29.36
2003-01-31,857347,258100,599247,13848,61.91,18.64,43.27,35.6
2003-02-07,853026,253779,599247,13973,61.05,18.16,42.89,32.24
2003-02-14,856084,256837,599247,14306,59.84,17.95,41.89,27.4
2003-02-21,855050,255803,599247,14457,59.14,17.69,41.45,24.87
2003-02-28,856747,257500,599247,14182,60.41,18.16,42.25,29.58
2003-03-07,852459,253212,599247,14598,58.4,17.35,41.05,22.47
2003-03-14,852931,253684,599247,14770,57.75,17.18,40.57,20.86
2003-03-21,856636,257389,599247,14732,58.15,17.47,40.68,21.95
2003-03-28,863369,264122,599247,15106,57.15,17.48,39.67,19.15
2003-04-04,859871,260624,599247,15441,55.69,16.88,38.81,14.44
2003-04-11,860204,260756,599448,15456,55.66,16.87,38.78,14.35
2003-04-18,869175,269727,599448,15324,56.72,17.6,39.12,17.36
2003-04-25,870997,271549,599448,15417,56.5,17.61,38.88,16.36
2003-05-02,870684,271099,599585,15714,55.41,17.25,38.16,13.83
2003-05-09,868766,268376,600390,15781,55.05,17.01,38.05,12.87
2003-05-16,870120,269040,601080,15737,55.29,17.1,38.2,13.61
2003-05-23,871669,270067,601602,15626,55.78,17.28,38.5,14.83
2003-05-30,875458,272931,602527,16095,54.39,16.96,37.44,11.43
2003-06-06,872215,268240,603975,15896,54.87,16.87,38.0,12.52
2003-06-13,877458,272224,605234,15804,55.52,17.23,38.3,13.96
2003-06-20,873611,268079,605532,15460,56.51,17.34,39.17,16.4
2003-06-27,873290,265963,607327,15521,56.27,17.14,39.13,15.88
2003-07-04,874511,265819,608692,15568,56.17,17.07,39.1,15.75
2003-07-11,871489,262189,609300,15639,55.73,16.77,38.96,14.62
2003-07-18,869850,259850,610000,15424,56.4,16.85,39.55,16.14
2003-07-25,871644,260944,610700,15566,56.0,16.76,39.23,15.23
2003-08-01,876495,264082,612413,15362,57.06,17.19,39.87,18.76
2003-08-08,876824,264262,612562,15490,56.61,17.06,39.55,16.75
2003-08-15,875376,262676,612700,15695,55.77,16.74,39.04,14.79
2003-08-22,878418,262492,615926,15461,56.82,16.98,39.84,17.8
2003-08-29,881246,264253,616993,15705,56.11,16.83,39.29,15.62
2003-09-05,878240,259784,618456,15754,55.75,16.49,39.26,14.66
2003-09-12,883161,262933,620228,15774,55.99,16.67,39.32,15.18
2003-09-19,885790,264423,621367,15384,57.58,17.19,40.39,20.55
2003-09-26,886376,264376,622000,15092,58.73,17.52,41.21,23.78
2003-10-03,893028,269223,623805,14976,59.63,17.98,41.65,26.75
2003-10-10,898706,273020,625686,15078,59.6,18.11,41.5,26.66
2003-10-17,898318,271225,627093,15315,58.66,17.71,40.95,23.47
2003-10-24,903615,274865,628750,15431,58.56,17.81,40.75,23.08
2003-10-31,904900,274914,629986,15538,58.24,17.69,40.54,22.16
2003-11-07,905184,273975,631209,15143,59.78,18.09,41.68,27.27
2003-11-14,909107,276885,632222,15296,59.43,18.1,41.33,26.09
2003-11-21,904631,271996,632635,15193,59.54,17.9,41.64,26.44
2003-11-28,900547,267167,633380,15478,58.18,17.26,40.92,22.08
2003-12-05,895901,261722,634179,15691,57.1,16.68,40.42,18.94
2003-12-12,891298,256598,634700,15287,58.3,16.79,41.52,22.34
2003-12-19,893901,258243,635658,15187,58.86,17.0,41.86,24.17
2003-12-26,890821,254466,636355,15206,58.58,16.73,41.85,23.17
2004-01-02,890843,252611,638232,15387,57.9,16.42,41.48,21.38
2004-01-09,886904,247627,639277,15057,58.9,16.45,42.46,24.3
2004-01-16,888425,248839,639586,14873,59.73,16.73,43.0,27.14
2004-01-23,887785,247323,640462,14710,60.35,16.81,43.54,29.45
2004-01-30,896308,255245,641063,14508,61.78,17.59,44.19,35.3
2004-02-06,894047,252192,641855,14826,60.3,17.01,43.29,29.01
2004-02-13,900536,257092,643444,14952,60.23,17.19,43.03,28.71
2004-02-20,902419,257092,645327,14454,62.43,17.79,44.65,37.91
2004-02-27,905673,259092,646581,14655,61.8,17.68,44.12,35.38
2004-03-05,910271,262729,647542,14735,61.78,17.83,43.95,35.21
2004-03-12,912509,264309,648200,14466,63.08,18.27,44.81,41.06
2004-03-19,921410,271841,649569,14575,63.22,18.65,44.57,41.62
2004-03-26,928421,277539,650882,14643,63.4,18.95,44.45,42.36
2004-04-02,928261,276118,652143,14869,62.43,18.57,43.86,37.83
2004-04-09,932251,279266,652985,14633,63.71,19.08,44.62,43.98
2004-04-16,933786,279474,654312,15190,61.47,18.4,43.08,34.03
2004-04-23,939155,282653,656502,15161,61.95,18.64,43.3,35.69
2004-04-30,940336,282748,657588,15489,60.71,18.25,42.46,30.89
2004-05-07,942709,283676,659033,15954,59.09,17.78,41.31,24.61
2004-05-14,941911,282580,659331,15932,59.12,17.74,41.38,24.83
2004-05-21,942085,282605,659480,15811,59.58,17.87,41.71,26.53
2004-05-28,945730,285384,660346,15801,59.85,18.06,41.79,27.53
2004-06-04,947442,286099,661343,16005,59.2,17.88,41.32,25.13
2004-06-11,948290,286951,661339,16113,58.85,17.81,41.04,24.13
2004-06-18,950705,289366,661339,15996,59.43,18.09,41.34,26.05
2004-06-25,951242,288862,662380,16057,59.24,17.99,41.25,25.35
2004-07-02,951332,288952,662380,16058,59.24,17.99,41.25,25.39
2004-07-09,949656,286780,662876,15835,59.97,18.11,41.86,27.75
2004-07-16,946080,283207,662873,15749,60.07,17.98,42.09,27.97
2004-07-23,948346,284379,663967,16182,58.6,17.57,41.03,23.3
2004-07-30,947080,282564,664516,16134,58.7,17.51,41.19,23.65
2004-08-06,944097,278427,665670,15794,59.78,17.63,42.15,27.23
2004-08-13,943398,277216,666182,15927,59.23,17.41,41.83,25.31
2004-08-20,942724,275516,667208,16050,58.74,17.17,41.57,23.82
2004-08-27,939800,271284,668516,16009,58.7,16.95,41.76,23.69
2004-09-03,938757,269754,669003,16111,58.27,16.74,41.52,22.29
2004-09-10,932043,262742,669301,16002,58.25,16.42,41.83,22.21
2004-09-17,923487,253630,669857,14740,62.65,17.21,45.44,38.92
2004-09-24,927473,257031,670442,14003,66.23,18.36,47.88,61.34
2004-10-01,928062,257912,670150,14852,62.49,17.37,45.12,38.18
2004-10-08,931315,262115,669200,14503,64.22,18.07,46.14,47.03
2004-10-15,932262,263313,668949,14783,63.06,17.81,45.25,40.84
2004-10-22,936852,267257,669595,14883,62.95,17.96,44.99,40.36
2004-10-29,943244,273529,669715,14958,63.06,18.29,44.77,40.79
2004-11-05,945555,275232,670323,15401,61.4,17.87,43.52,33.64
2004-11-12,947295,276047,671248,15598,60.73,17.7,43.03,31.06
2004-11-19,947379,276132,671247,15530,61.0,17.78,43.22,31.98
2004-11-26,948228,276981,671247,15605,60.76,17.75,43.01,31.2
2004-12-03,950294,277522,672772,15745,60.36,17.63,42.73,29.49
2004-12-10,950630,277396,673234,15693,60.58,17.68,42.9,30.37
2004-12-17,953126,279520,673606,15568,61.22,17.95,43.27,33.07
2004-12-24,952267,278661,673606,15715,60.6,17.73,42.86,30.41
2004-12-31,949442,275442,674000,15796,60.11,17.44,42.67,28.27
2005-01-07,948666,273060,675606,15610,60.77,17.49,43.28,31.24
2005-01-14,952921,276461,676460,15215,62.63,18.17,44.46,38.7
2005-01-21,957508,279890,677618,15175,63.1,18.44,44.65,41.14
2005-01-28,958193,279566,678627,15214,62.98,18.38,44.61,40.49
2005-02-04,957831,278156,679675,15038,63.69,18.5,45.2,43.76
2005-02-11,960813,280298,680515,15304,62.78,18.32,44.47,39.53
2005-02-18,961965,280906,681059,14968,64.27,18.77,45.5,47.34
2005-02-25,964814,283301,681513,14887,64.81,19.03,45.78,51.79
2005-03-04,968291,286276,682015,14930,64.86,19.17,45.68,52.18
2005-03-11,972526,288869,683657,15110,64.36,19.12,45.25,48.17
2005-03-18,978334,292966,685368,14960,65.4,19.58,45.81,56.02
2005-03-25,985227,298349,686878,15182,64.89,19.65,45.24,52.36
2005-04-01,988651,301151,687500,15534,63.64,19.39,44.26,43.5
2005-04-08,993556,304805,688751,15246,65.17,19.99,45.18,54.41
2005-04-15,992836,303032,689804,15383,64.54,19.7,44.84,50.0
2005-04-22,999187,308447,690740,15300,65.31,20.16,45.15,55.54
2005-04-29,1002342,311127,691215,15392,65.12,20.21,44.91,53.93
2005-05-06,1005574,313562,692012,15366,65.44,20.41,45.04,56.2
2005-05-13,1010372,317905,692467,15524,65.08,20.48,44.61,53.49
2005-05-20,1009127,316218,692909,15843,63.7,19.96,43.74,43.8
2005-05-27,1011001,317706,693295,16086,62.85,19.75,43.1,40.01
2005-06-03,1008650,314711,693939,16060,62.81,19.6,43.21,39.75
2005-06-10,1007863,312928,694935,16341,61.68,19.15,42.53,34.86
2005-06-17,1006912,311349,695563,15955,63.11,19.51,43.6,41.19
2005-06-24,1008253,312453,695800,16270,61.97,19.2,42.77,35.73
2005-07-01,1005184,308884,696300,16464,61.05,18.76,42.29,32.29
2005-07-08,1001985,304985,697000,16080,62.31,18.97,43.35,37.22
2005-07-15,1001569,304085,697484,15580,64.29,19.52,44.77,47.51
2005-07-22,999840,301840,698000,15753,63.47,19.16,44.31,42.58
2005-07-29,1000241,302036,698205,16036,62.37,18.83,43.54,37.65
2005-08-05,1003723,304790,698933,15972,62.84,19.08,43.76,39.92
2005-08-12,1004787,305031,699756,15641,64.24,19.5,44.74,47.12
2005-08-19,1007114,306883,700231,15676,64.25,19.58,44.67,47.25
2005-08-26,1005863,305363,700500,16248,61.91,18.79,43.11,35.56
2005-09-02,999438,298938,700500,14619,68.37,20.45,47.92,75.92
2005-09-09,991578,292378,699200,14669,67.6,19.93,47.67,72.03
2005-09-16,988520,292056,696464,15329,64.49,19.05,45.43,49.43
2005-09-23,985144,289644,695500,14620,67.38,19.81,47.57,70.33
2005-09-30,982648,289398,693250,11715,83.88,24.7,59.18,99.0
2005-10-07,980844,290324,690520,12583,77.95,23.07,54.88,97.64
2005-10-14,984579,295879,688700,13285,74.11,22.27,51.84,93.67
2005-10-21,987393,300293,687100,13596,72.62,22.09,50.54,91.4
2005-10-28,988227,303027,685200,13942,70.88,21.73,49.15,86.82
2005-11-04,991936,307436,684500,14258,69.57,21.56,48.01,81.02
2005-11-11,989977,305277,684700,14479,68.37,21.08,47.29,75.96
2005-11-18,990031,305631,684400,14910,66.4,20.5,45.9,62.65
2005-11-25,986543,301443,685100,15149,65.12,19.9,45.22,54.01
2005-12-02,989830,304230,685600,15408,64.24,19.74,44.5,47.21
2005-12-09,990722,305122,685600,15220,65.09,20.05,45.05,53.66
2005-12-16,991522,306422,685100,14922,66.45,20.53,45.91,62.87
2005-12-23,991640,306540,685100,15087,65.73,20.32,45.41,57.9
2005-12-30,990127,305527,684600,15242,64.96,20.05,44.92,52.84
2006-01-06,986884,302584,684300,15261,64.67,19.83,44.84,51.05
2006-01-13,989625,305325,684300,14693,67.35,20.78,46.57,70.16
2006-01-20,987512,303016,684496,14679,67.27,20.64,46.63,69.55
2006-01-27,988635,304935,683700,14721,67.16,20.71,46.44,68.37
2006-02-03,988423,304523,683900,14518,68.08,20.98,47.11,74.52
2006-02-10,993276,309376,683900,14602,68.02,21.19,46.84,74.21
2006-02-17,994797,310497,684300,14554,68.35,21.33,47.02,75.83
2006-02-24,996735,312135,684600,14466,68.9,21.58,47.32,78.23
2006-03-03,1003576,318776,684800,14075,71.3,22.65,48.65,87.78
2006-03-10,1008412,323612,684800,14388,70.09,22.49,47.6,83.33
2006-03-17,1007502,322302,685200,14643,68.8,22.01,46.79,77.71
2006-03-24,1010032,324332,685700,14728,68.58,22.02,46.56,76.79
2006-03-31,1012742,326442,686300,14644,69.16,22.29,46.87,79.62
2006-04-07,1016051,329594,686457,14575,69.71,22.61,47.1,81.89
2006-04-14,1015684,328788,686896,14721,69.0,22.33,46.66,78.84
2006-04-21,1015678,328562,687116,15064,67.42,21.81,45.61,70.86
2006-04-28,1017903,330289,687614,15043,67.67,21.96,45.71,72.6
2006-05-05,1018672,330615,688057,15315,66.51,21.59,44.93,63.57
2006-05-12,1019149,330550,688599,15336,66.45,21.55,44.9,63.05
2006-05-19,1016151,327552,688599,15333,66.27,21.36,44.91,61.56
2006-05-26,1017749,329151,688598,15519,65.58,21.21,44.37,57.16
2006-06-02,1019032,330434,688598,15634,65.18,21.14,44.04,54.45
2006-06-09,1018051,329454,688597,15830,64.31,20.81,43.5,47.82
2006-06-16,1019438,330839,688599,15968,63.84,20.72,43.12,44.81
2006-06-23,1016108,327510,688598,16124,63.02,20.31,42.71,40.66
2006-06-30,1013687,325089,688598,15940,63.59,20.39,43.2,43.15
2006-07-07,1007007,319159,687848,15496,64.98,20.6,44.39,52.92
2006-07-14,1007157,319310,687847,15906,63.32,20.07,43.24,41.97
2006-07-21,1007187,319340,687847,15817,63.68,20.19,43.49,43.72
2006-07-28,1005412,317566,687846,15516,64.8,20.47,44.33,51.75
2006-08-04,1004225,316380,687845,15608,64.34,20.27,44.07,47.99
2006-08-11,1002618,314773,687845,15578,64.36,20.21,44.15,48.12
2006-08-18,1001973,314130,687843,15747,63.63,19.95,43.68,43.32
2006-08-25,1004453,316611,687842,15801,63.57,20.04,43.53,43.06
2006-09-01,1002349,314507,687842,15993,62.67,19.67,43.01,39.01
2006-09-08,999443,311603,687840,16018,62.39,19.45,42.94,37.7
2006-09-15,996594,308755,687839,15953,62.47,19.35,43.12,38.0
2006-09-22,996484,308646,687838,15846,62.89,19.48,43.41,40.23
2006-09-29,999839,312001,687838,15273,65.46,20.43,45.04,56.5
2006-10-06,1002059,314132,687927,15296,65.51,20.54,44.97,56.76
2006-10-13,1007078,319152,687926,14813,67.99,21.55,46.44,74.13
2006-10-20,1004142,315947,688195,14871,67.52,21.25,46.28,71.34
2006-10-27,1006295,317857,688438,15277,65.87,20.81,45.06,59.03
2006-11-03,1006889,318374,688515,15153,66.45,21.01,45.44,62.96
2006-11-10,1008262,319657,688605,14932,67.52,21.41,46.12,71.38
2006-11-17,1013423,324818,688605,14992,67.6,21.67,45.93,72.08
2006-11-24,1013063,324458,688605,15161,66.82,21.4,45.42,66.01
2006-12-01,1011873,323268,688605,15480,65.37,20.88,44.48,55.89
2006-12-08,1007578,318973,688605,15311,65.81,20.83,44.97,58.42
2006-12-15,1001255,312650,688605,15543,64.42,20.12,44.3,48.65
2006-12-22,993123,304518,688605,15625,63.56,19.49,44.07,42.98
2006-12-29,991824,303219,688605,15529,63.87,19.53,44.34,44.9
2007-01-05,986075,297470,688605,15603,63.2,19.06,44.13,41.58
2007-01-12,992843,304238,688605,15101,65.75,20.15,45.6,58.03
2007-01-19,993632,305027,688605,14896,66.7,20.48,46.23,65.14
2007-01-26,996316,307711,688605,14784,67.39,20.81,46.58,70.55
2007-02-02,995798,307193,688605,14837,67.12,20.7,46.41,67.98
2007-02-09,995209,306604,688605,14836,67.08,20.67,46.41,67.76
2007-02-16,998903,310298,688605,14420,69.27,21.52,47.75,79.84
2007-02-23,1000324,311719,688605,14616,68.44,21.33,47.11,76.22
2007-03-02,995426,306822,688604,14757,67.45,20.79,46.66,71.03
2007-03-09,996606,308002,688604,14592,68.3,21.11,47.19,75.52
2007-03-16,1000530,311926,688604,14789,67.65,21.09,46.56,72.38
2007-03-23,999683,311080,688603,14956,66.84,20.8,46.04,66.32
2007-03-30,1003990,315387,688603,14841,67.65,21.25,46.4,72.34
2007-04-06,1004880,316219,688661,15072,66.67,20.98,45.69,64.83
2007-04-13,1004140,315225,688915,15444,65.02,20.41,44.61,53.18
2007-04-20,1006324,317299,689025,15086,66.71,21.03,45.67,65.18
2007-04-27,1007781,318468,689313,15132,66.6,21.05,45.55,64.22
2007-05-04,1013417,323940,689477,15306,66.21,21.16,45.05,61.04
2007-05-11,1014610,325001,689609,15340,66.14,21.19,44.95,60.73
2007-05-18,1016661,326970,689691,15691,64.79,20.84,43.95,51.66
2007-05-25,1015002,325014,689988,15615,65.0,20.81,44.19,53.01
2007-06-01,1015497,325227,690270,15380,66.03,21.15,44.88,60.17
2007-06-08,1015579,325309,690270,15371,66.07,21.16,44.91,60.3
2007-06-15,1022481,332211,690270,15022,68.07,22.11,45.95,74.43
2007-06-22,1024043,333773,690270,15430,66.37,21.63,44.74,62.3
2007-06-29,1027194,336924,690270,15544,66.08,21.68,44.41,60.38
2007-07-06,1025606,335336,690270,15561,65.91,21.55,44.36,59.34
2007-07-13,1025157,334887,690270,15650,65.51,21.4,44.11,56.72
2007-07-20,1024054,333784,690270,15822,64.72,21.1,43.63,51.31
2007-07-27,1017557,327287,690270,16210,62.77,20.19,42.58,39.49
2007-08-03,1013596,323326,690270,15791,64.19,20.48,43.71,46.86
2007-08-10,1008429,318159,690270,15783,63.89,20.16,43.74,44.98
2007-08-17,1010319,320049,690270,15727,64.24,20.35,43.89,47.16
2007-08-24,1006834,316563,690271,15469,65.09,20.46,44.62,53.58
2007-08-31,1002862,312591,690271,15901,63.07,19.66,43.41,40.97
2007-09-07,996015,305578,690437,15564,63.99,19.63,44.36,45.64
2007-09-14,992616,301704,690912,15357,64.64,19.65,44.99,50.74
2007-09-21,996087,303546,692541,15018,66.33,20.21,46.11,61.95
2007-09-28,997488,304684,692804,15154,65.82,20.11,45.72,58.6
2007-10-05,995678,302875,692803,15111,65.89,20.04,45.85,59.21
2007-10-12,997964,304659,693305,15123,65.99,20.15,45.84,59.99
2007-10-19,993222,299371,693851,14940,66.48,20.04,46.44,63.39
2007-10-26,989420,295477,693943,14927,66.28,19.79,46.49,61.69
2007-11-02,988552,294517,694035,14884,66.42,19.79,46.63,62.74
2007-11-09,992011,297331,694680,15048,65.92,19.76,46.16,59.42
2007-11-16,991033,296260,694773,14897,66.53,19.89,46.64,63.74
2007-11-23,990581,295808,694773,15470,64.03,19.12,44.91,46.03
2007-11-30,983304,287895,695409,15450,63.64,18.63,45.01,43.46
2007-12-07,982309,286806,695503,15278,64.3,18.77,45.52,47.69
2007-12-14,974820,279220,695600,15240,63.96,18.32,45.64,45.38
2007-12-21,971422,275921,695501,15218,63.83,18.13,45.7,44.72
2007-12-28,968240,271865,696375,15382,62.95,17.67,45.27,40.31
2008-01-04,961910,265361,696549,15771,60.99,16.83,44.17,31.94
2008-01-11,967689,269620,698069,15011,64.47,17.96,46.5,49.08
2008-01-18,970063,271917,698146,14920,65.02,18.23,46.79,53.14
2008-01-25,973617,275472,698145,14618,66.6,18.84,47.76,64.31
2008-02-01,980594,282340,698254,14492,67.66,19.48,48.18,72.56
2008-02-08,981755,283406,698349,14561,67.42,19.46,47.96,70.77
2008-02-15,985959,287610,698349,14464,68.17,19.88,48.28,74.78
2008-02-22,989418,290841,698577,14624,67.66,19.89,47.77,72.47
2008-02-29,986496,287785,698711,14868,66.35,19.36,46.99,62.13
2008-03-07,993007,294185,698822,14622,67.91,20.12,47.79,73.65
2008-03-14,993822,294318,699504,14427,68.89,20.4,48.49,78.05
2008-03-21,993909,294406,699503,14135,70.32,20.83,49.49,84.25
2008-03-28,1001473,301723,699750,14207,70.49,21.24,49.25,85.43
2008-04-04,998888,298516,700372,14349,69.61,20.8,48.81,81.24
2008-04-11,997173,296160,701013,14236,70.05,20.8,49.24,83.25
2008-04-18,999713,298581,701132,14827,67.43,20.14,47.29,70.9
2008-04-25,1003768,302429,701339,14748,68.06,20.51,47.55,74.39
2008-05-02,1009413,308082,701331,14649,68.91,21.03,47.88,78.36
2008-05-09,1010250,308258,701992,15054,67.11,20.48,46.63,67.93
2008-05-16,1005591,302941,702650,15083,66.67,20.08,46.59,64.79
2008-05-23,997347,294058,703289,15297,65.2,19.22,45.98,54.58
2008-05-30,993358,289256,704102,15480,64.17,18.69,45.48,46.73
2008-06-06,988932,284679,704253,15319,64.56,18.58,45.97,50.13
2008-06-13,988181,283437,704744,15439,64.01,18.36,45.65,45.81
2008-06-20,989086,284240,704846,15258,64.82,18.63,46.2,51.92
2008-06-27,988081,282258,705823,15413,64.11,18.31,45.79,46.47
2008-07-04,982508,276552,705956,15488,63.44,17.86,45.58,42.5
2008-07-11,985572,279504,706068,15467,63.72,18.07,45.65,44.11
2008-07-18,984130,277946,706184,15112,65.12,18.39,46.73,53.97
2008-07-25,984165,277865,706300,15162,64.91,18.33,46.58,52.49
2008-08-01,986178,279363,706815,15039,65.57,18.58,47.0,57.11
2008-08-08,986262,279047,707215,14823,66.54,18.83,47.71,63.87
2008-08-15,995651,288437,707214,14811,67.22,19.47,47.75,69.07
2008-08-22,995473,288260,707213,15111,65.88,19.08,46.8,59.08
2008-08-29,993575,286362,707213,15258,65.12,18.77,46.35,53.88
2008-09-05,987695,280482,707213,13483,73.25,20.8,52.45,92.19
2008-09-12,981366,274154,707212,13237,74.14,20.71,53.43,93.8
2008-09-19,978423,272634,705789,11504,85.05,23.7,61.35,99.26
2008-09-26,981326,276912,704414,12452,78.81,22.24,56.57,97.82
2008-10-03,987518,285104,702414,14024,70.42,20.33,50.09,84.95
2008-10-10,992849,290715,702134,14115,70.34,20.6,49.74,84.38
2008-10-17,995784,293897,701887,14562,68.38,20.18,48.2,76.0
2008-10-24,996223,294390,701833,14851,67.08,19.82,47.26,67.8
2008-10-31,996277,294444,701833,14617,68.16,20.14,48.01,74.74
2008-11-07,996225,294394,701831,14463,68.88,20.35,48.53,78.01
2008-11-14,997823,295993,701830,14558,68.54,20.33,48.21,76.53
2008-11-21,1005103,303273,701830,14838,67.74,20.44,47.3,72.99
2008-11-28,1004647,302817,701830,14580,68.91,20.77,48.14,78.27
2008-12-05,1004997,303169,701828,14967,67.15,20.26,46.89,68.19
2008-12-12,1005522,303694,701828,14552,69.1,20.87,48.23,79.36
2008-12-19,1002419,300593,701826,14511,69.08,20.71,48.37,79.23
2008-12-26,1002966,301142,701824,14190,70.68,21.22,49.46,86.04
2009-01-02,1009060,307236,701824,14522,69.48,21.16,48.33,80.54
2009-01-09,1010270,308380,701890,14586,69.26,21.14,48.12,79.8
2009-01-16,1016543,314480,702063,14145,71.87,22.23,49.63,89.44
2009-01-23,1023494,320698,702796,14136,72.4,22.69,49.72,90.84
2009-01-30,1031387,327868,703519,14341,71.92,22.86,49.06,89.57
2009-02-06,1036330,332487,703843,14127,73.36,23.54,49.82,92.41
2009-02-13,1036291,332349,703942,14143,73.27,23.5,49.77,92.23
2009-02-20,1037237,333066,704171,13936,74.43,23.9,50.53,94.28
2009-02-27,1037212,332309,704903,14345,72.3,23.17,49.14,90.45
2009-03-06,1038519,332824,705695,14116,73.57,23.58,49.99,92.71
2009-03-13,1042262,334766,707496,14180,73.5,23.61,49.89,92.58
2009-03-20,1047411,338068,709343,14135,74.1,23.92,50.18,93.59
2009-03-27,1051927,340912,711015,14158,74.3,24.08,50.22,93.98
2009-04-03,1055215,342328,712887,14287,73.86,23.96,49.9,93.24
2009-04-10,1062149,347999,714150,13987,75.94,24.88,51.06,96.77
2009-04-17,1067304,351856,715448,14516,73.53,24.24,49.29,92.67
2009-04-24,1072582,355909,716673,14334,74.83,24.83,50.0,95.07
2009-05-01,1075600,356863,718737,14754,72.9,24.19,48.71,91.8
2009-05-08,1071826,352234,719592,14424,74.31,24.42,49.89,94.02
2009-05-15,1070460,350129,720331,14109,75.87,24.82,51.05,96.68
2009-05-22,1066332,344716,721616,14733,72.38,23.4,48.98,90.75
2009-05-29,1069282,347582,721700,14725,72.62,23.6,49.01,91.32
2009-06-05,1064886,343186,721700,14750,72.2,23.27,48.93,90.14
2009-06-12,1061597,339312,722285,14677,72.33,23.12,49.21,90.53
2009-06-19,1058224,335444,722780,15031,70.4,22.32,48.09,84.86
2009-06-26,1055203,331784,723419,14992,70.38,22.13,48.25,84.73
2009-07-03,1052501,329083,723418,14966,70.33,21.99,48.34,84.29
2009-07-10,1050368,326270,724098,15105,69.54,21.6,47.94,80.72
2009-07-17,1048571,324474,724097,14779,70.95,21.96,48.99,87.0
2009-07-24,1053722,329626,724096,14608,72.13,22.56,49.57,90.01
2009-07-31,1055392,331296,724096,14434,73.12,22.95,50.17,92.02
2009-08-07,1058086,333992,724094,14365,73.66,23.25,50.41,92.89
2009-08-14,1049688,325595,724093,14504,72.37,22.45,49.92,90.71
2009-08-21,1049816,325723,724093,14483,72.49,22.49,50.0,91.06
2009-08-28,1049443,325351,724092,14951,70.19,21.76,48.43,83.64
2009-09-04,1043637,319545,724092,15105,69.09,21.15,47.94,79.32
2009-09-11,1039407,314816,724591,15049,69.07,20.92,48.15,79.14
2009-09-18,1042760,317671,725089,14733,70.78,21.56,49.22,86.3
2009-09-25,1045554,320467,725087,14591,71.66,21.96,49.69,88.92
2009-10-02,1044419,319333,725086,14607,71.5,21.86,49.64,88.44
2009-10-09,1044753,319667,725086,14097,74.11,22.68,51.44,93.63
2009-10-16,1046063,320979,725084,14070,74.35,22.81,51.53,94.07
2009-10-23,1046839,321757,725082,14203,73.71,22.65,51.05,93.02
2009-10-30,1042903,317821,725082,13970,74.65,22.75,51.9,94.72
2009-11-06,1044690,319609,725081,13825,75.57,23.12,52.45,96.07
2009-11-13,1043803,318722,725081,13794,75.67,23.11,52.56,96.29
2009-11-20,1044821,319741,725080,13971,74.78,22.89,51.9,94.98
2009-11-27,1047435,321832,725603,13844,75.66,23.25,52.41,96.25
2009-12-04,1044166,318037,726129,13921,75.01,22.85,52.16,95.29
2009-12-11,1040477,314348,726129,13804,75.38,22.77,52.6,95.86
2009-12-18,1035635,309507,726128,13777,75.17,22.47,52.71,95.55
2009-12-25,1034096,307969,726127,13879,74.51,22.19,52.32,94.5
2010-01-01,1033243,306626,726617,13792,74.92,22.23,52.68,95.2
2010-01-08,1036941,310325,726616,14005,74.04,22.16,51.88,93.5
2010-01-15,1036470,309854,726616,13824,74.98,22.41,52.56,95.24
2010-01-22,1032581,305966,726615,13624,75.79,22.46,53.33,96.51
2010-01-29,1034898,308283,726615,13461,76.88,22.9,53.98,97.43
2010-02-05,1037189,310577,726612,13590,76.32,22.85,53.47,97.21
2010-02-12,1040274,313662,726612,13772,75.54,22.78,52.76,96.03
2010-02-19,1043308,316696,726612,14107,73.96,22.45,51.51,93.32
2010-02-26,1047340,320730,726610,14074,74.42,22.79,51.63,94.2
2010-03-05,1048808,322200,726608,13925,75.32,23.14,52.18,95.77
2010-03-12,1049820,323212,726608,13940,75.31,23.19,52.12,95.72
2010-03-19,1057064,330457,726607,14042,75.28,23.53,51.75,95.64
2010-03-26,1059993,333386,726607,14234,74.47,23.42,51.05,94.37
2010-04-02,1062138,335532,726606,14604,72.73,22.98,49.75,91.62
2010-04-09,1059934,333330,726604,14813,71.55,22.5,49.05,88.61
2010-04-16,1061826,335224,726602,14678,72.34,22.84,49.5,90.58
2010-04-23,1063788,337187,726601,14956,71.13,22.55,48.58,87.48
2010-04-30,1066543,339942,726601,15146,70.42,22.44,47.97,84.99
2010-05-07,1068460,341861,726599,15036,71.06,22.74,48.32,87.35
2010-05-14,1068620,342023,726597,15192,70.34,22.51,47.83,84.42
2010-05-21,1071080,344483,726597,15085,71.0,22.84,48.17,87.17
2010-05-28,1069176,342581,726595,15105,70.78,22.68,48.1,86.43
2010-06-04,1067501,340906,726595,15187,70.29,22.45,47.84,84.12
2010-06-11,1069190,342596,726594,15114,70.74,22.67,48.07,86.17
2010-06-18,1071207,344613,726594,15191,70.52,22.69,47.83,85.47
2010-06-25,1069198,342606,726592,15093,70.84,22.7,48.14,86.56
2010-07-02,1064153,337562,726591,15228,69.88,22.17,47.71,82.55
2010-07-09,1059095,332504,726591,15469,68.47,21.49,46.97,76.35
2010-07-16,1059455,332864,726591,15517,68.28,21.45,46.83,75.39
2010-07-23,1066761,340172,726589,15462,68.99,22.0,46.99,78.8
2010-07-30,1063977,337388,726589,15575,68.31,21.66,46.65,75.57
2010-08-06,1060976,334390,726586,15066,70.42,22.2,48.23,85.03
2010-08-13,1060158,333572,726586,15238,69.57,21.89,47.68,81.11
2010-08-20,1064264,337680,726584,14890,71.48,22.68,48.8,88.31
2010-08-27,1067688,341105,726583,14822,72.03,23.01,49.02,89.83
2010-09-03,1065918,339337,726581,14912,71.48,22.76,48.72,88.35
2010-09-10,1063429,336848,726581,15006,70.87,22.45,48.42,86.74
2010-09-17,1063995,337818,726177,15047,70.71,22.45,48.26,86.08
2010-09-24,1063693,337343,726350,14666,72.53,23.0,49.53,91.14
2010-10-01,1066536,340186,726350,14151,75.37,24.04,51.33,95.81
2010-10-08,1066283,339770,726513,13920,76.6,24.41,52.19,97.38
2010-10-15,1066948,340437,726511,13967,76.39,24.37,52.02,97.25
2010-10-22,1071996,345444,726552,14138,75.82,24.43,51.39,96.6
2010-10-29,1073946,347394,726552,13905,77.23,24.98,52.25,97.47
2010-11-05,1070399,343849,726550,14058,76.14,24.46,51.68,96.9
2010-11-12,1063113,336563,726550,14275,74.47,23.58,50.9,94.42
2010-11-19,1064141,337592,726549,14284,74.5,23.63,50.86,94.46
2010-11-26,1065206,338658,726548,14114,75.47,23.99,51.48,95.9
2010-12-03,1061072,334524,726548,14903,71.2,22.45,48.75,87.57
2010-12-10,1051218,324670,726548,14974,70.2,21.68,48.52,83.68
2010-12-17,1045883,319337,726546,14926,70.07,21.39,48.68,83.29
2010-12-24,1044625,318079,726546,14929,69.97,21.31,48.67,82.77
2010-12-31,1040464,313918,726546,14988,69.42,20.94,48.48,80.32
2011-01-07,1038071,311526,726545,14728,70.48,21.15,49.33,85.34
2011-01-14,1040687,314143,726544,14339,72.58,21.91,50.67,91.19
2011-01-21,1045523,318979,726544,14127,74.01,22.58,51.43,93.46
2011-01-28,1048117,321573,726544,14302,73.28,22.48,50.8,92.28
2011-02-04,1049948,323404,726544,14344,73.2,22.55,50.65,92.1
2011-02-11,1050807,324264,726543,13863,75.8,23.39,52.41,96.55
2011-02-18,1051629,325086,726543,13535,77.7,24.02,53.68,97.6
2011-02-25,1051265,324722,726543,13798,76.19,23.53,52.66,97.03
2011-03-04,1053641,327099,726542,13943,75.57,23.46,52.11,96.12
2011-03-11,1055386,328844,726542,14182,74.42,23.19,51.23,94.24
2011-03-18,1057517,330975,726542,14349,73.7,23.07,50.63,92.98
2011-03-25,1060462,333920,726542,14332,73.99,23.3,50.69,93.37
2011-04-01,1062078,335536,726542,14371,73.9,23.35,50.56,93.28
2011-04-08,1063705,337163,726542,14017,75.89,24.05,51.83,96.73
2011-04-15,1061383,334841,726542,14104,75.25,23.74,51.51,95.59
2011-04-22,1067539,340997,726542,14077,75.84,24.22,51.61,96.64
2011-04-29,1070960,344418,726542,14059,76.18,24.5,51.68,96.99
2011-05-06,1074592,348050,726542,14108,76.17,24.67,51.5,96.95
2011-05-13,1074577,348035,726542,14347,74.9,24.26,50.64,95.16
2011-05-20,1075193,348651,726542,14841,72.45,23.49,48.96,90.97
2011-05-27,1078071,351529,726542,14851,72.59,23.67,48.92,91.27
2011-06-03,1073439,346897,726542,15112,71.03,22.96,48.08,87.22
2011-06-10,1070033,343491,726542,14869,71.96,23.1,48.86,89.66
2011-06-17,1068311,341780,726531,15278,69.92,22.37,47.55,82.68
2011-06-24,1063936,337405,726531,15247,69.78,22.13,47.65,82.07
2011-07-01,1063063,336532,726531,15315,69.41,21.97,47.44,80.28
2011-07-08,1059939,333408,726531,15218,69.65,21.91,47.74,81.59
2011-07-15,1056212,329681,726531,15621,67.61,21.1,46.51,72.25
2011-07-22,1056240,331977,724263,15360,68.77,21.61,47.15,77.62
2011-07-29,1052688,332927,719761,15489,67.96,21.49,46.47,73.82
2011-08-05,1045073,327806,717267,15624,66.89,20.98,45.91,66.71
2011-08-12,1043392,332039,711353,15419,67.67,21.53,46.13,72.69
2011-08-19,1036377,329826,706551,15663,66.17,21.06,45.11,60.82
2011-08-26,1036932,335107,701825,15444,67.14,21.7,45.44,68.11
2011-09-02,1028085,331146,696939,15450,66.54,21.43,45.11,63.96
2011-09-09,1020381,324442,695939,15024,67.92,21.59,46.32,73.69
2011-09-16,1013045,317106,695939,15307,66.18,20.72,45.47,60.86
2011-09-23,1014974,319021,695953,15177,66.88,21.02,45.86,66.49
2011-09-30,1010295,314342,695953,15104,66.89,20.81,46.08,66.75
2011-10-07,1011531,315575,695956,14541,69.56,21.7,47.86,80.93
2011-10-14,1006797,310846,695951,14407,69.88,21.58,48.31,82.59
2011-10-21,1011532,315581,695951,14660,69.0,21.53,47.47,78.88
2011-10-28,1013358,317407,695951,14693,68.97,21.6,47.37,78.62
2011-11-04,1011770,315819,695951,14335,70.58,22.03,48.55,85.73
2011-11-11,1010713,314763,695950,14679,68.85,21.44,47.41,77.88
2011-11-18,1004495,308544,695951,14796,67.89,20.85,47.04,73.47
2011-11-25,1008427,312476,695951,14565,69.24,21.45,47.78,79.76
2011-12-02,1009576,313625,695951,15247,66.21,20.57,45.65,61.08
2011-12-09,1007644,311693,695951,14657,68.75,21.27,47.48,77.53
2011-12-16,997074,301123,695951,14604,68.27,20.62,47.65,75.35
2011-12-23,1000973,305022,695951,14585,68.63,20.91,47.72,77.09
2011-12-30,1003182,307231,695951,14756,67.98,20.82,47.16,74.04
2012-01-06,1005007,309056,695951,14937,67.28,20.69,46.59,69.68
2012-01-13,1001569,305618,695951,14585,68.67,20.95,47.72,77.23
2012-01-20,1005127,309176,695951,14306,70.26,21.61,48.65,83.94
2012-01-27,1009302,313351,695951,14217,70.99,22.04,48.95,87.13
2012-02-03,1009593,313642,695951,14397,70.13,21.79,48.34,83.51
2012-02-10,1009422,313471,695951,14719,68.58,21.3,47.28,76.88
2012-02-17,1011055,315104,695951,14889,67.91,21.16,46.74,73.56
2012-02-24,1015215,319264,695951,14607,69.5,21.86,47.65,80.63
2012-03-02,1016063,320112,695951,14589,69.65,21.94,47.7,81.5
2012-03-09,1017813,321862,695951,14463,70.37,22.25,48.12,84.69
2012-03-16,1016651,320700,695951,14363,70.78,22.33,48.45,86.39
2012-03-23,1023753,327802,695951,14451,70.84,22.68,48.16,86.61
2012-03-30,1032762,336811,695951,14750,70.02,22.83,47.18,83.07
2012-04-06,1035328,339377,695951,14355,72.12,23.64,48.48,89.97
2012-04-13,1039184,343233,695951,14454,71.9,23.75,48.15,89.49
2012-04-20,1043162,347211,695951,14477,72.06,23.98,48.07,89.88
2012-04-27,1046002,350051,695951,14707,71.12,23.8,47.32,87.43
2012-05-04,1051291,355340,695951,14742,71.31,24.1,47.21,87.83
2012-05-11,1053419,357468,695951,15044,70.02,23.76,46.26,83.12
2012-05-18,1054302,358351,695951,14987,70.35,23.91,46.44,84.55
2012-05-25,1056515,360564,695951,15169,69.65,23.77,45.88,81.54
2012-06-01,1054752,358801,695951,15468,68.19,23.2,44.99,75.04
2012-06-08,1054561,358610,695951,15620,67.51,22.96,44.56,71.29
2012-06-15,1057422,361471,695951,15608,67.75,23.16,44.59,73.08
2012-06-22,1057289,361338,695951,15645,67.58,23.1,44.48,71.73
2012-06-29,1053019,357068,695951,15631,67.37,22.84,44.52,70.24
2012-07-06,1048164,352213,695951,15774,66.45,22.33,44.12,63.0
2012-07-13,1047355,351404,695951,15538,67.41,22.62,44.79,70.64
2012-07-20,1050072,354121,695951,15796,66.48,22.42,44.06,63.31
2012-07-27,1043549,347599,695950,15571,67.02,22.32,44.7,67.5
2012-08-03,1039774,343824,695950,15607,66.62,22.03,44.59,64.53
2012-08-10,1036075,340125,695950,15711,65.95,21.65,44.3,59.69
2012-08-17,1030663,334713,695950,15438,66.76,21.68,45.08,65.4
2012-08-24,1034441,338491,695950,15380,67.26,22.01,45.25,69.42
2012-08-31,1027015,331065,695950,14608,70.3,22.66,47.64,84.21
2012-09-07,1027424,332474,694950,14321,71.74,23.22,48.53,89.27
2012-09-14,1035960,341008,694952,14916,69.45,22.86,46.59,80.5
2012-09-21,1033514,338562,694952,14624,70.67,23.15,47.52,85.99
2012-09-28,1033032,338080,694952,14846,69.58,22.77,46.81,81.15
2012-10-05,1034544,339592,694952,14749,70.14,23.02,47.12,83.55
2012-10-12,1037404,342452,694952,14819,70.0,23.11,46.9,82.94
2012-10-19,1043300,348348,694952,14802,70.48,23.53,46.95,85.38
2012-10-26,1041255,346303,694952,14850,70.12,23.32,46.8,83.46
2012-11-02,1042802,347850,694952,14667,71.1,23.72,47.38,87.39
2012-11-09,1043891,348939,694952,14612,71.44,23.88,47.56,88.18
2012-11-16,1042425,347473,694952,14889,70.01,23.34,46.68,83.03
2012-11-23,1042078,347126,694952,15174,68.68,22.88,45.8,77.27
2012-11-30,1039721,344769,694952,15429,67.39,22.35,45.04,70.46
2012-12-07,1039861,344909,694952,15367,67.67,22.44,45.22,72.64
2012-12-14,1038897,343945,694952,15594,66.62,22.06,44.57,64.49
2012-12-21,1038311,343359,694952,15328,67.74,22.4,45.34,73.04
2012-12-28,1027191,332239,694952,15341,66.96,21.66,45.3,66.93
2013-01-04,1028083,333131,694952,15257,67.38,21.83,45.55,70.42
2013-01-11,1027447,332180,695267,15101,68.04,22.0,46.04,74.3
2013-01-18,1030260,334993,695267,14206,72.52,23.58,48.94,91.1
2013-01-25,1036400,340940,695460,14481,71.57,23.54,48.03,88.7
2013-02-01,1039081,343274,695807,14431,72.0,23.79,48.22,89.75
2013-02-08,1039803,343834,695969,14310,72.66,24.03,48.64,91.54
2013-02-15,1043946,347977,695969,14176,73.64,24.55,49.09,92.84
2013-02-22,1045076,349107,695969,14511,72.02,24.06,47.96,89.79
2013-03-01,1048812,352843,695969,14031,74.75,25.15,49.6,94.94
2013-03-08,1051436,355467,695969,13994,75.13,25.4,49.73,95.42
2013-03-15,1050122,354153,695969,14514,72.35,24.4,47.95,90.66
2013-03-22,1053378,357409,695969,14878,70.8,24.02,46.78,86.47
2013-03-29,1056085,360116,695969,15008,70.37,23.99,46.37,84.64
2013-04-05,1055967,359998,695969,15114,69.87,23.82,46.05,82.46
2013-04-12,1054734,358765,695969,15074,69.97,23.8,46.17,82.72
2013-04-19,1055681,359712,695969,14488,72.87,24.83,48.04,91.75
2013-04-26,1062377,366408,695969,14710,72.22,24.91,47.31,90.23
2013-05-03,1062748,366779,695969,15180,70.01,24.16,45.85,82.98
2013-05-10,1062124,366155,695969,15253,69.63,24.01,45.63,81.37
2013-05-17,1061786,365817,695969,15249,69.63,23.99,45.64,81.33
2013-05-24,1064786,368817,695969,15029,70.85,24.54,46.31,86.65
2013-05-31,1058519,362550,695969,15462,68.46,23.45,45.01,76.31
2013-06-07,1061148,365179,695969,15237,69.64,23.97,45.68,81.46
2013-06-14,1061461,365492,695969,15531,68.34,23.53,44.81,75.79
2013-06-21,1061479,365510,695969,15704,67.59,23.27,44.32,71.9
2013-06-28,1051132,355163,695969,16090,65.33,22.07,43.25,55.76
2013-07-05,1041395,345426,695969,16118,64.61,21.43,43.18,50.57
2013-07-12,1034493,338524,695969,16237,63.71,20.85,42.86,44.02
2013-07-19,1031668,335699,695969,16031,64.35,20.94,43.41,48.08
2013-07-26,1032099,336130,695969,15965,64.65,21.05,43.59,50.96
2013-08-02,1030668,334699,695969,15893,64.85,21.06,43.79,52.09
2013-08-09,1027856,331887,695969,15611,65.84,21.26,44.58,58.81
2013-08-16,1026428,330459,695969,15845,64.78,20.86,43.92,51.53
2013-08-23,1029414,333445,695969,15774,65.26,21.14,44.12,55.24
2013-08-30,1027578,331609,695969,15936,64.48,20.81,43.67,49.35
2013-09-06,1026960,330991,695969,15896,64.6,20.82,43.78,50.52
2013-09-13,1022592,326623,695969,16110,63.48,20.27,43.2,42.71
2013-09-20,1025227,329258,695969,15591,65.76,21.12,44.64,58.07
2013-09-27,1030699,334730,695969,15445,66.73,21.67,45.06,65.27
2013-10-04,1037443,341474,695969,14890,69.67,22.93,46.74,81.81
2013-10-11,1041442,345473,695969,14853,70.12,23.26,46.86,83.42
2013-10-18,1046688,350719,695969,14855,70.46,23.61,46.85,85.25
2013-10-25,1050775,354806,695969,15052,69.81,23.57,46.24,82.24
2013-11-01,1051964,355995,695969,15068,69.81,23.63,46.19,82.29
2013-11-08,1054604,358635,695969,15411,68.43,23.27,45.16,76.18
2013-11-15,1054979,359010,695969,15447,68.3,23.24,45.06,75.48
2013-11-22,1057932,361963,695969,15551,68.03,23.28,44.75,74.26
2013-11-29,1052347,356378,695969,16106,65.34,22.13,43.21,55.85
2013-12-06,1041343,345374,695969,16131,64.56,21.41,43.14,50.09
2013-12-13,1038402,342433,695969,15931,65.18,21.49,43.69,54.49
2013-12-20,1033671,337702,695969,16233,63.68,20.8,42.87,43.67
2013-12-27,1026664,330695,695969,16247,63.19,20.35,42.84,41.54
2014-01-03,1022706,326737,695969,16134,63.39,20.25,43.14,42.32
2014-01-10,1015048,319079,695969,15731,64.53,20.28,44.24,49.87
2014-01-17,1016038,320069,695969,15216,66.77,21.04,45.74,65.53
2014-01-24,1022459,326490,695969,15417,66.32,21.18,45.14,61.91
2014-01-31,1022899,326930,695969,15049,67.97,21.72,46.25,73.91
2014-02-07,1025952,329983,695969,15215,67.43,21.69,45.74,70.99
2014-02-14,1026925,330956,695969,15178,67.66,21.8,45.85,72.51
2014-02-21,1026993,331024,695969,15299,67.13,21.64,45.49,68.02
2014-02-28,1028422,332453,695969,15212,67.61,21.85,45.75,72.16
2014-03-07,1034302,338333,695969,14987,69.01,22.58,46.44,78.93
2014-03-14,1040152,344183,695969,14951,69.57,23.02,46.55,81.06
2014-03-21,1046771,350802,695969,15092,69.36,23.24,46.12,80.19
2014-03-28,1044392,348423,695969,15315,68.19,22.75,45.44,75.09
2014-04-04,1048070,352341,695729,15337,68.34,22.97,45.36,75.65
2014-04-11,1057460,362354,695106,15613,67.73,23.21,44.52,72.95
2014-04-18,1060446,365878,694568,15980,66.36,22.9,43.46,62.22
2014-04-25,1061189,367576,693613,15954,66.52,23.04,43.48,63.61
2014-05-02,1058868,366004,692864,15904,66.58,23.01,43.57,64.14
2014-05-09,1058471,366951,691520,15667,67.56,23.42,44.14,71.6
2014-05-16,1050696,359725,690971,15949,65.88,22.55,43.32,59.12
2014-05-23,1052353,361382,690971,15851,66.39,22.8,43.59,62.48
2014-05-30,1048922,357951,690971,16057,65.32,22.29,43.03,55.72
2014-06-06,1046192,355221,690971,15547,67.29,22.85,44.44,69.76
2014-06-13,1045614,354642,690972,15397,67.91,23.03,44.88,73.6
2014-06-20,1047356,356384,690972,15672,66.83,22.74,44.09,66.19
2014-06-27,1044201,353229,690972,16218,64.39,21.78,42.61,48.34
2014-07-04,1041794,350822,690972,16252,64.1,21.59,42.52,46.42
2014-07-11,1034269,343297,690972,16626,62.21,20.65,41.56,36.78
2014-07-18,1030300,339328,690972,16598,62.07,20.44,41.63,36.3
2014-07-25,1026603,335631,690972,16551,62.03,20.28,41.75,36.08
2014-08-01,1025139,334167,690972,16393,62.54,20.38,42.15,38.48
2014-08-08,1026540,335568,690972,16214,63.31,20.7,42.62,41.88
2014-08-15,1022066,331094,690972,16418,62.25,20.17,42.09,36.95
2014-08-22,1019996,329024,690972,16542,61.66,19.89,41.77,34.69
2014-08-29,1019091,328119,690972,16428,62.03,19.97,42.06,36.13
2014-09-05,1018400,327428,690972,16332,62.36,20.05,42.31,37.52
2014-09-12,1022073,331101,690972,16304,62.69,20.31,42.38,39.05
2014-09-19,1017800,326828,690972,16214,62.77,20.16,42.62,39.44
2014-09-26,1016435,325465,690970,15689,64.79,20.74,44.04,51.57
2014-10-03,1021349,330380,690969,15554,65.66,21.24,44.42,57.55
2014-10-10,1030271,339303,690968,15321,67.25,22.15,45.1,69.24
2014-10-17,1037382,346414,690968,15208,68.21,22.78,45.43,75.17
2014-10-24,1039442,348475,690967,15129,68.71,23.03,45.67,77.44
2014-10-31,1039902,348935,690967,15485,67.16,22.53,44.62,68.32
2014-11-07,1037116,346150,690966,15752,65.84,21.97,43.87,58.77
2014-11-14,1039724,348758,690966,15913,65.34,21.92,43.42,55.8
2014-11-21,1041670,350704,690966,15957,65.28,21.98,43.3,55.28
2014-11-28,1037980,347015,690965,16356,63.46,21.22,42.25,42.54
2014-12-05,1039276,348313,690963,16627,62.51,20.95,41.56,38.31
2014-12-12,1038429,347466,690963,16301,63.7,21.32,42.39,43.89
2014-12-19,1045696,354733,690963,16341,63.99,21.71,42.28,45.59
2014-12-26,1043942,352979,690963,16377,63.74,21.55,42.19,44.2
2015-01-02,1039767,348806,690961,16420,63.32,21.24,42.08,42.02
2015-01-09,1045154,354195,690959,15893,65.76,22.29,43.48,58.12
2015-01-16,1055224,364266,690958,14909,70.78,24.43,46.35,86.34
2015-01-23,1064097,373140,690957,15256,69.75,24.46,45.29,81.98
2015-01-30,1070430,379473,690957,15544,68.86,24.41,44.45,77.92
2015-02-06,1074756,383800,690956,15564,69.05,24.66,44.39,79.06
2015-02-13,1082471,391516,690955,15442,70.1,25.35,44.75,83.38
2015-02-20,1090898,399943,690955,15243,71.57,26.24,45.33,88.66
2015-02-27,1101201,410246,690955,15113,72.86,27.15,45.72,91.71
2015-03-06,1106378,415425,690953,15300,72.31,27.15,45.16,90.49
2015-03-13,1116000,425047,690953,15436,72.3,27.54,44.76,90.4
2015-03-20,1124169,433217,690952,15530,72.39,27.9,44.49,90.79
2015-03-27,1128935,437983,690952,15728,71.78,27.85,43.93,89.31
2015-04-03,1140614,449662,690952,15929,71.61,28.23,43.38,88.83
2015-04-10,1141906,450956,690950,16212,70.44,27.82,42.62,85.17
2015-04-17,1147221,456271,690950,15982,71.78,28.55,43.23,89.35
2015-04-24,1149129,458181,690948,16100,71.37,28.46,42.92,88.09
2015-05-01,1145027,454079,690948,16347,70.05,27.78,42.27,83.2
2015-05-08,1142835,451888,690947,15968,71.57,28.3,43.27,88.74
2015-05-15,1140474,449214,691260,16213,70.34,27.71,42.64,84.47
2015-05-22,1138259,446412,691847,16450,69.2,27.14,42.06,79.67
2015-05-29,1136810,444464,692346,16407,69.29,27.09,42.2,79.89
2015-06-05,1130792,438447,692345,16576,68.22,26.45,41.77,75.22
2015-06-12,1128715,435771,692944,16282,69.32,26.76,42.56,80.15
2015-06-19,1124131,430837,693294,16532,68.0,26.06,41.94,74.17
2015-06-26,1126915,433223,693692,16531,68.17,26.21,41.96,74.83
2015-07-03,1127937,433714,694223,16596,67.96,26.13,41.83,73.87
2015-07-10,1123990,429368,694622,16825,66.8,25.52,41.29,65.92
2015-07-17,1126971,431836,695135,16870,66.8,25.6,41.21,65.84
2015-07-24,1122767,427633,695134,16762,66.98,25.51,41.47,67.1
2015-07-31,1118360,423226,695134,17075,65.5,24.79,40.71,56.68
2015-08-07,1116956,421822,695134,17029,65.59,24.77,40.82,57.24
2015-08-14,1119575,424442,695133,16775,66.74,25.3,41.44,65.31
2015-08-21,1114123,418990,695133,16658,66.88,25.15,41.73,66.67
2015-08-28,1118790,423657,695133,16389,68.26,25.85,42.41,75.31
2015-09-04,1121192,426062,695130,16110,69.6,26.45,43.15,81.2
2015-09-11,1119088,423958,695130,16513,67.77,25.67,42.1,73.21
2015-09-18,1117163,422033,695130,16203,68.95,26.05,42.9,78.53
2015-09-25,1121116,425988,695128,15962,70.24,26.69,43.55,83.77
2015-10-02,1124156,429028,695128,15559,72.25,27.57,44.68,90.31
2015-10-09,1131718,436590,695128,15267,74.13,28.6,45.53,93.76
2015-10-16,1139745,444618,695127,15345,74.27,28.97,45.3,93.94
2015-10-23,1143121,447994,695127,15616,73.2,28.69,44.51,92.15
2015-10-30,1145968,450841,695127,15637,73.29,28.83,44.45,92.32
2015-11-06,1149948,454822,695126,15939,72.15,28.54,43.61,90.05
2015-11-13,1150200,455074,695126,16076,71.55,28.31,43.24,88.57
2015-11-20,1151160,456035,695125,16380,70.28,27.84,42.44,84.08
2015-11-27,1152337,457212,695125,16803,68.58,27.21,41.37,76.83
2015-12-04,1148676,453553,695123,16652,68.98,27.24,41.74,78.75
2015-12-11,1153477,458354,695123,16611,69.44,27.59,41.85,80.37
2015-12-18,1147600,452477,695123,16468,69.69,27.48,42.21,81.85
2015-12-25,1150226,455106,695120,16682,68.95,27.28,41.67,78.58
2016-01-01,1146076,450956,695120,16617,68.97,27.14,41.83,78.66
2016-01-08,1146309,451190,695119,16423,69.8,27.47,42.33,82.2
2016-01-15,1150287,455169,695118,16190,71.05,28.11,42.94,87.3
2016-01-22,1158670,463552,695118,15639,74.09,29.64,44.45,93.54
2016-01-29,1166461,471344,695117,15615,74.7,30.19,44.52,94.85
2016-02-05,1165792,470676,695116,15510,75.16,30.35,44.82,95.46
2016-02-12,1167939,472823,695116,15848,73.7,29.83,43.86,92.93
2016-02-19,1171440,476325,695115,15685,74.69,30.37,44.32,94.81
2016-02-26,1181814,486699,695115,15852,74.55,30.7,43.85,94.59
2016-03-04,1185955,490843,695112,15911,74.54,30.85,43.69,94.55
2016-03-11,1187274,492160,695114,15996,74.22,30.77,43.46,93.89
2016-03-18,1196631,501517,695114,15820,75.64,31.7,43.94,96.2
2016-03-25,1198928,503816,695112,16234,73.85,31.03,42.82,93.19
2016-04-01,1193710,498598,695112,16433,72.64,30.34,42.3,91.49
2016-04-08,1200344,505232,695112,15941,75.3,31.69,43.61,95.68
2016-04-15,1202424,507312,695112,16104,74.67,31.5,43.16,94.76
2016-04-22,1204422,509311,695111,15847,76.0,32.14,43.86,96.82
2016-04-29,1207203,512095,695108,15986,75.52,32.03,43.48,95.94
2016-05-06,1203594,508487,695107,16179,74.39,31.43,42.96,94.15
2016-05-13,1204904,509797,695107,16371,73.6,31.14,42.46,92.76
2016-05-20,1200677,505571,695106,16279,73.76,31.06,42.7,93.11
2016-05-27,1199311,504205,695106,16206,74.0,31.11,42.89,93.41
2016-06-03,1196948,501844,695104,16417,72.91,30.57,42.34,91.84
2016-06-10,1196015,500911,695104,16317,73.3,30.7,42.6,92.36
2016-06-17,1195098,499994,695104,16505,72.41,30.29,42.11,90.88
2016-06-24,1191045,495941,695104,16695,71.34,29.71,41.64,88.05
2016-07-01,1188820,493718,695102,16687,71.24,29.59,41.66,87.65
2016-07-08,1186272,491172,695100,16544,71.7,29.69,42.02,89.05
2016-07-15,1183929,488830,695099,16863,70.21,28.99,41.22,83.73
2016-07-22,1185600,490501,695099,16586,71.48,29.57,41.91,88.39
2016-07-29,1187013,491914,695099,16852,70.44,29.19,41.25,85.21
2016-08-05,1188065,492969,695096,16597,71.58,29.7,41.88,88.79
2016-08-12,1185557,490461,695096,16865,70.3,29.08,41.22,84.16
2016-08-19,1188057,492962,695095,16679,71.23,29.56,41.67,87.61
2016-08-26,1190332,495238,695094,16615,71.64,29.81,41.84,88.87
2016-09-02,1175818,480725,695093,16930,69.45,28.39,41.06,80.45
2016-09-09,1175259,480166,695093,16730,70.25,28.7,41.55,83.86
2016-09-16,1169058,473966,695092,16587,70.48,28.57,41.91,85.3
2016-09-23,1167176,472084,695092,16334,71.46,28.9,42.55,88.26
2016-09-30,1164199,469108,695091,16032,72.62,29.26,43.36,91.36
2016-10-07,1169048,473958,695090,15552,75.17,30.48,44.69,95.51
2016-10-14,1163800,468711,695089,15370,75.72,30.5,45.22,96.38
2016-10-21,1163247,468158,695089,15552,74.8,30.1,44.69,95.03
2016-10-28,1177666,482578,695088,15448,76.23,31.24,45.0,97.12
2016-11-04,1180097,485010,695087,15817,74.61,30.66,43.95,94.63
2016-11-11,1185371,490284,695087,16126,73.51,30.4,43.1,92.63
2016-11-18,1184115,489029,695086,16397,72.22,29.82,42.39,90.18
2016-11-25,1183230,488145,695085,16283,72.67,29.98,42.69,91.58
2016-12-02,1180840,485756,695084,16417,71.93,29.59,42.34,89.62
2016-12-09,1178277,483193,695084,16474,71.52,29.33,42.19,88.48
2016-12-16,1180532,485449,695083,16658,70.87,29.14,41.73,86.78
2016-12-23,1181145,486063,695082,16557,71.34,29.36,41.98,87.96
2016-12-30,1174094,479012,695082,16689,70.35,28.7,41.65,84.6
2017-01-06,1178191,483109,695082,17107,68.87,28.24,40.63,77.97
2017-01-13,1180537,485456,695081,16468,71.69,29.48,42.21,89.01
2017-01-20,1183377,488296,695081,16047,73.74,30.43,43.32,93.06
2017-01-27,1189841,494762,695079,15947,74.61,31.03,43.59,94.68
2017-02-03,1203670,508592,695078,15893,75.74,32.0,43.73,96.47
2017-02-10,1213197,518119,695078,15458,78.48,33.52,44.97,97.73
2017-02-17,1213761,518683,695078,15271,79.48,33.97,45.52,98.17
2017-02-24,1215260,520184,695076,15664,77.58,33.21,44.37,97.51
2017-03-03,1223218,528393,694825,15492,78.96,34.11,44.85,97.91
2017-03-10,1222165,528156,694009,15472,78.99,34.14,44.86,97.95
2017-03-17,1226493,533110,693383,15801,77.62,33.74,43.88,97.56
2017-03-24,1226636,533977,692659,16226,75.6,32.91,42.69,96.16
2017-03-31,1227678,535543,692135,16429,74.73,32.6,42.13,94.9
2017-04-07,1224887,533377,691510,16697,73.36,31.94,41.42,92.45
2017-04-14,1223654,532343,691311,16938,72.24,31.43,40.81,90.27
2017-04-21,1219512,528702,690810,17285,70.55,30.59,39.97,85.6
2017-04-28,1217110,527772,689338,17177,70.86,30.73,40.13,86.69
2017-05-05,1211312,522525,688787,16759,72.28,31.18,41.1,90.36
2017-05-12,1208831,520772,688059,17122,70.6,30.42,40.19,85.82
2017-05-19,1204001,516340,687661,17281,69.67,29.88,39.79,81.76
2017-05-26,1196594,509912,686682,17510,68.34,29.12,39.22,75.74
2017-06-02,1198233,513207,685026,17227,69.56,29.79,39.76,80.89
2017-06-09,1196171,511546,684625,17256,69.32,29.64,39.67,80.06
2017-06-16,1192937,509095,683842,17152,69.55,29.68,39.87,80.85
2017-06-23,1191649,509213,682436,16890,70.55,30.15,40.4,85.65
2017-06-30,1184951,502914,682037,17141,69.13,29.34,39.79,79.58
2017-07-07,1174237,495350,678887,17244,68.1,28.73,39.37,74.61
2017-07-14,1169508,490623,678885,17119,68.32,28.66,39.66,75.61
2017-07-21,1162300,483415,678885,17285,67.24,27.97,39.28,69.2
2017-07-28,1160772,481888,678884,17408,66.68,27.68,39.0,64.88
2017-08-04,1154320,475437,678883,17574,65.68,27.05,38.63,57.72
2017-08-11,1145375,466492,678883,17565,65.21,26.56,38.65,54.71
2017-08-18,1142048,463165,678883,17461,65.41,26.53,38.88,56.06
2017-08-25,1136653,457773,678880,17725,64.13,25.83,38.3,46.6
2017-09-01,1140953,462353,678600,14472,78.84,31.95,46.89,97.86
2017-09-08,1145248,468241,677007,14078,81.35,33.26,48.09,98.52
2017-09-15,1148229,472832,675397,15172,75.68,31.16,44.52,96.34
2017-09-22,1145587,470986,674601,16174,70.83,29.12,41.71,86.52
2017-09-29,1138612,464963,673649,16029,71.03,29.01,42.03,87.26
2017-10-06,1134665,462216,672449,16258,69.79,28.43,41.36,82.11
2017-10-13,1128176,456485,671691,15439,73.07,29.57,43.51,91.93
2017-10-20,1128718,457341,671377,16025,70.43,28.54,41.9,85.12
2017-10-27,1125493,454906,670587,16015,70.28,28.4,41.87,84.03
2017-11-03,1127049,457143,669906,16305,69.12,28.04,41.09,79.49
2017-11-10,1128197,458997,669200,16639,67.8,27.59,40.22,73.34
2017-11-17,1124617,457142,667475,16838,66.79,27.15,39.64,65.71
2017-11-24,1118824,453713,665111,17003,65.8,26.68,39.12,58.33
2017-12-01,1110766,448103,662663,17195,64.6,26.06,38.54,50.48
2017-12-08,1105897,442986,662911,16952,65.24,26.13,39.11,55.06
2017-12-15,1099785,436491,663294,17063,64.45,25.58,38.87,48.95
2017-12-22,1095274,431882,663392,17398,62.95,24.82,38.13,40.4
2017-12-29,1088211,424463,663748,17608,61.8,24.11,37.7,35.43
2018-01-05,1083262,419515,663747,17323,62.53,24.22,38.32,38.44
2018-01-12,1076872,412654,664218,16875,63.81,24.45,39.36,44.5
2018-01-19,1076037,411583,664454,16483,65.28,24.97,40.31,55.32
2018-01-26,1083045,418359,664686,16013,67.64,26.13,41.51,72.29
2018-02-02,1085402,420254,665148,16797,64.62,25.02,39.6,50.7
2018-02-09,1087663,422095,665568,16162,67.3,26.12,41.18,69.85
2018-02-16,1085351,420479,664872,15833,68.55,26.56,41.99,76.57
2018-02-23,1088779,423498,665281,15882,68.55,26.67,41.89,76.66
2018-03-02,1091364,425906,665458,15935,68.49,26.73,41.76,76.4
2018-03-09,1096386,430928,665458,16367,66.99,26.33,40.66,67.15
2018-03-16,1093764,428306,665458,16777,65.19,25.53,39.66,54.54
2018-03-23,1095407,429949,665458,16795,65.22,25.6,39.62,54.8
2018-03-30,1090788,425332,665456,16936,64.41,25.11,39.29,48.56
2018-04-06,1094094,428638,665456,17019,64.29,25.19,39.1,47.56
2018-04-13,1093023,427567,665456,16949,64.49,25.23,39.26,49.52
2018-04-20,1094455,429737,664718,16621,65.85,25.86,39.99,58.9
2018-04-27,1100221,435955,664266,16561,66.43,26.32,40.11,62.83
2018-05-04,1097315,433758,663557,16486,66.56,26.31,40.25,64.01
2018-05-11,1094391,432354,662037,16635,65.79,25.99,39.8,58.25
2018-05-18,1099468,438132,661336,16628,66.12,26.35,39.77,60.6
2018-05-25,1095289,434512,660777,17155,63.85,25.33,38.52,44.85
2018-06-01,1096752,436584,660168,17369,63.14,25.14,38.01,41.32
2018-06-08,1092609,432441,660168,17505,62.42,24.7,37.71,37.78
2018-06-15,1086543,426527,660016,17701,61.38,24.1,37.29,33.6
2018-06-22,1076652,416636,660016,17816,60.43,23.39,37.05,29.8
2018-06-29,1077897,417881,660016,17653,61.06,23.67,37.39,32.33
2018-07-06,1065263,405248,660015,17652,60.35,22.96,37.39,29.32
2018-07-13,1071098,411084,660014,17239,62.13,23.85,38.29,36.52
2018-07-20,1064951,404937,660014,17285,61.61,23.43,38.18,34.47
2018-07-27,1068754,408740,660014,17480,61.14,23.38,37.76,32.59
2018-08-03,1067402,407389,660013,17598,60.65,23.15,37.51,30.67
2018-08-10,1074207,414194,660013,17981,59.74,23.04,36.71,27.18
2018-08-17,1068370,408358,660012,17892,59.71,22.82,36.89,27.05
2018-08-24,1065804,405792,660012,17566,60.67,23.1,37.57,30.76
2018-08-31,1061502,401490,660012,17647,60.15,22.75,37.4,28.53
2018-09-07,1056205,396194,660011,17857,59.15,22.19,36.96,24.96
2018-09-14,1054147,394137,660010,17415,60.53,22.63,37.9,30.24
2018-09-21,1055999,395989,660010,16514,63.95,23.98,39.97,45.2
2018-09-28,1063974,403964,660010,16591,64.13,24.35,39.78,46.64
2018-10-05,1068655,409951,658704,16239,65.81,25.24,40.56,58.46
2018-10-12,1074075,416441,657634,16316,65.83,25.52,40.31,58.73
2018-10-19,1079263,422787,656476,16268,66.34,25.99,40.35,62.09
2018-10-26,1080939,426004,654935,16417,65.84,25.95,39.89,58.86
2018-11-02,1086487,431787,654700,16408,66.22,26.32,39.9,61.17
2018-11-09,1095386,442057,653329,16432,66.66,26.9,39.76,64.75
2018-11-16,1099477,446908,652569,16855,65.23,26.51,38.72,54.97
2018-11-23,1101049,450485,650564,17553,62.73,25.66,37.06,39.18
2018-11-30,1092723,443162,649561,17487,62.49,25.34,37.15,38.22
2018-12-07,1091517,441954,649563,17436,62.6,25.35,37.25,38.57
2018-12-14,1090594,441457,649137,17408,62.65,25.36,37.29,38.79
2018-12-21,1090550,441411,649139,17350,62.86,25.44,37.41,40.05
2018-12-28,1090557,441418,649139,17760,61.41,24.85,36.55,33.68
2019-01-04,1088877,439738,649139,17566,61.99,25.03,36.95,35.82
2019-01-11,1086194,437055,649139,17223,63.07,25.38,37.69,40.92
2019-01-18,1094164,445025,649139,17049,64.18,26.1,38.07,46.82
2019-01-25,1095083,445944,649139,16463,66.52,27.09,39.43,63.66
2019-02-01,1096346,447207,649139,16633,65.91,26.89,39.03,59.38
2019-02-08,1099979,450840,649139,15768,69.76,28.59,41.17,82.02
2019-02-15,1103651,454512,649139,15711,70.25,28.93,41.32,83.81
2019-02-22,1095004,445865,649139,15890,68.91,28.06,40.85,78.4
2019-03-01,1102060,452934,649126,15990,68.92,28.33,40.6,78.45
2019-03-08,1098198,449072,649126,16020,68.55,28.03,40.52,76.61
2019-03-15,1088609,439483,649126,16198,67.21,27.13,40.07,68.67
2019-03-22,1091409,442283,649126,15831,68.94,27.94,41.0,78.49
2019-03-29,1098647,449521,649126,15849,69.32,28.36,40.96,80.1
2019-04-05,1105676,456550,649126,16100,68.68,28.36,40.32,77.31
2019-04-12,1104280,455154,649126,16078,68.68,28.31,40.37,77.36
2019-04-19,1109759,460633,649126,16583,66.92,27.78,39.14,66.84
2019-04-26,1119154,470567,648587,16446,68.05,28.61,39.44,74.35
2019-05-03,1114321,466604,647717,16405,67.93,28.44,39.48,73.73
2019-05-10,1117988,472035,645953,16676,67.04,28.31,38.74,67.67
2019-05-17,1121593,476775,644818,16578,67.66,28.76,38.9,72.43
2019-05-24,1121311,476493,644818,16767,66.88,28.42,38.46,66.54
2019-05-31,1128082,483264,644818,16938,66.6,28.53,38.07,64.27
2019-06-07,1130288,485470,644818,17064,66.24,28.45,37.79,61.39
2019-06-14,1127182,482364,644818,17264,65.29,27.94,37.35,55.37
2019-06-21,1114394,469576,644818,17337,64.28,27.09,37.19,47.47
2019-06-28,1113309,468491,644818,17290,64.39,27.1,37.29,48.43
2019-07-05,1103810,458992,644818,17438,63.3,26.32,36.98,41.8
2019-07-12,1100694,455876,644818,17267,63.75,26.4,37.34,44.24
2019-07-19,1089859,445041,644818,17034,63.98,26.13,37.85,45.55
2019-07-26,1081363,436545,644818,16991,63.64,25.69,37.95,43.41
2019-08-02,1083748,438930,644818,17777,60.96,24.69,36.27,31.85
2019-08-09,1085328,440510,644818,17302,62.73,25.46,37.27,39.22
2019-08-16,1082596,437778,644818,17702,61.16,24.73,36.43,32.72
2019-08-23,1072569,427751,644818,17408,61.61,24.57,37.04,34.55
2019-08-30,1067798,422980,644818,17381,61.43,24.34,37.1,33.81
2019-09-06,1060886,416068,644818,17495,60.64,23.78,36.86,30.58
2019-09-13,1061944,417126,644818,16707,63.56,24.97,38.6,43.02
2019-09-20,1064356,419538,644818,16513,64.46,25.41,39.05,49.0
2019-09-27,1067460,422642,644818,16017,66.65,26.39,40.26,64.7
2019-10-04,1070187,425569,644618,15656,68.36,27.18,41.17,75.87
2019-10-11,1078199,434850,643349,15436,69.85,28.17,41.68,82.37
2019-10-18,1075501,433151,642350,15865,67.79,27.3,40.49,73.25
2019-10-25,1080505,438853,641652,15998,67.54,27.43,40.11,71.51
2019-11-01,1087734,446782,640952,15761,69.01,28.35,40.67,78.97
2019-11-08,1088510,449001,639509,15916,68.39,28.21,40.18,76.09
2019-11-15,1087917,450380,637537,16435,66.2,27.4,38.79,60.95
2019-11-22,1088122,451952,636170,16334,66.62,27.67,38.95,64.44
2019-11-29,1082262,447096,635166,16798,64.43,26.62,37.81,48.82
2019-12-06,1082886,447918,634968,16597,65.25,26.99,38.26,55.15
2019-12-13,1081800,446833,634967,16562,65.32,26.98,38.34,55.63
2019-12-20,1076326,441359,634967,16980,63.39,25.99,37.39,42.28
2019-12-27,1064863,429896,634967,17283,61.61,24.87,36.74,34.51
2020-01-03,1066027,431060,634967,16897,63.09,25.51,37.58,41.1
2020-01-10,1063478,428511,634967,16973,62.66,25.25,37.41,38.96
2020-01-17,1063073,428106,634967,16857,63.06,25.4,37.67,40.88
2020-01-24,1066621,431654,634967,15924,66.98,27.11,39.87,67.06
2020-01-31,1069976,435009,634967,15972,66.99,27.24,39.76,67.19
2020-02-07,1077435,442468,634967,16020,67.26,27.62,39.64,69.28
2020-02-14,1077850,442883,634967,16210,66.49,27.32,39.17,63.53
2020-02-21,1078302,443335,634967,16008,67.36,27.69,39.67,70.2
2020-02-28,1079086,444119,634967,15696,68.75,28.3,40.45,77.57
2020-03-06,1086750,451783,634967,15701,69.22,28.77,40.44,79.71
2020-03-13,1088704,453737,634967,15820,68.82,28.68,40.14,77.79
2020-03-20,1090327,455360,634967,15838,68.84,28.75,40.09,77.84
2020-03-27,1104160,469193,634967,14898,74.11,31.49,42.62,93.72
2020-04-03,1119337,484370,634967,13634,82.1,35.53,46.57,98.65
2020-04-10,1138585,503618,634967,12665,89.9,39.76,50.14,99.61
2020-04-17,1153607,518640,634967,12456,92.61,41.64,50.98,99.91
2020-04-24,1163748,527631,636117,12761,91.2,41.35,49.85,99.83
2020-05-01,1170054,532221,637833,12976,90.17,41.02,49.15,99.69
2020-05-08,1171242,531476,639766,12383,94.58,42.92,51.66,99.96
2020-05-15,1168142,526494,641648,12903,90.53,40.8,49.73,99.74
2020-05-22,1178181,534422,643759,12991,90.69,41.14,49.55,99.78
2020-05-29,1180124,532345,647779,13307,88.68,40.0,48.68,99.52
2020-06-05,1188064,538065,649999,13484,88.11,39.9,48.21,99.48
2020-06-12,1191010,539280,651730,13600,87.57,39.65,47.92,99.43
2020-06-19,1194443,540722,653721,13840,86.3,39.07,47.23,99.35
2020-06-26,1188940,533527,655413,14033,84.72,38.02,46.71,99.17
2020-07-03,1195204,539181,656023,14347,83.31,37.58,45.73,98.91
2020-07-10,1187837,531688,656149,14309,83.01,37.16,45.86,98.78
2020-07-17,1192727,536580,656147,14206,83.96,37.77,46.19,99.04
2020-07-24,1182116,525969,656147,14595,80.99,36.04,44.96,98.43
2020-07-31,1174737,518596,656141,14637,80.26,35.43,44.83,98.3
2020-08-07,1167983,514084,653899,14658,79.68,35.07,44.61,98.21
2020-08-14,1163680,512452,651228,14487,80.33,35.37,44.95,98.34
2020-08-21,1157228,507763,649465,14712,78.66,34.51,44.15,97.77
2020-08-28,1146566,498401,648165,13868,82.68,35.94,46.74,98.69
2020-09-04,1148294,500434,647860,12779,89.86,39.16,50.7,99.56
2020-09-11,1141778,496045,645733,13488,84.65,36.78,47.87,99.13
2020-09-18,1139358,494406,644952,13370,85.22,36.98,48.24,99.3
2020-09-25,1135577,492426,643151,13670,83.07,36.02,47.05,98.82
2020-10-02,1134933,492927,642006,13853,81.93,35.58,46.34,98.6
2020-10-09,1129956,489109,640847,13577,83.23,36.02,47.2,98.87
2020-10-16,1128188,488107,640081,13026,86.61,37.47,49.14,99.39
2020-10-23,1131850,492427,639423,13388,84.54,36.78,47.76,99.08
2020-10-30,1123699,484429,639270,13552,82.92,35.75,47.17,98.73
2020-11-06,1127412,488706,638706,13447,83.84,36.34,47.5,98.95
2020-11-13,1127776,489475,638301,13841,81.48,35.36,46.12,98.56
2020-11-20,1126911,488721,638190,14263,79.01,34.26,44.74,97.99
2020-11-27,1126232,488042,638190,14012,80.38,34.83,45.55,98.39
2020-12-04,1141316,503231,638085,14436,79.06,34.86,44.2,98.04
2020-12-11,1138182,500096,638086,14183,80.25,35.26,44.99,98.25
2020-12-18,1137619,499534,638085,14014,81.18,35.65,45.53,98.47
2020-12-25,1131554,493469,638085,14287,79.2,34.54,44.66,98.08
2021-01-01,1123544,485459,638085,14376,78.15,33.77,44.39,97.69
2021-01-08,1120296,482211,638085,14650,76.47,32.92,43.56,97.34
2021-01-15,1124648,486563,638085,14760,76.2,32.96,43.23,97.08
2021-01-22,1114739,476653,638086,14721,75.72,32.38,43.35,96.42
2021-01-29,1113745,475659,638086,14641,76.07,32.49,43.58,96.86
2021-02-05,1106935,469014,637921,14793,74.83,31.71,43.12,95.11
2021-02-12,1099530,461757,637773,14819,74.2,31.16,43.04,93.85
2021-02-19,1100815,463042,637773,12230,90.01,37.86,52.15,99.65
2021-02-26,1122378,484605,637773,9903,113.34,48.94,64.4,100.0
2021-03-05,1136176,498403,637773,12310,92.3,40.49,51.81,99.87
2021-03-12,1138572,500799,637773,13433,84.76,37.28,47.48,99.21
2021-03-19,1140484,502711,637773,14389,79.26,34.94,44.32,98.12
2021-03-26,1139608,501835,637773,14941,76.27,33.59,42.69,97.16
2021-04-02,1136086,498313,637773,15044,75.52,33.12,42.39,95.99
2021-04-09,1129090,492423,636667,15051,75.02,32.72,42.3,95.33
2021-04-16,1128941,493017,635924,14765,76.46,33.39,43.07,97.29
2021-04-23,1127582,493107,634475,15018,75.08,32.83,42.25,95.38
2021-04-30,1118544,485117,633427,15243,73.38,31.83,41.56,92.5
2021-05-07,1116719,484691,632028,15020,74.35,32.27,42.08,94.11
2021-05-14,1116138,486011,630127,15116,73.84,32.15,41.69,93.15
2021-05-21,1112830,484349,628481,15239,73.03,31.78,41.24,91.88
2021-05-28,1107103,479270,627833,15597,70.98,30.73,40.25,87.09
2021-06-04,1100513,474029,626484,15925,69.11,29.77,39.34,79.45
2021-06-11,1092267,466674,625593,16337,66.86,28.57,38.29,66.36
2021-06-18,1082948,459060,623888,16112,67.21,28.49,38.72,68.8
2021-06-25,1074829,452342,622487,16299,65.94,27.75,38.19,59.64
2021-07-02,1066780,445476,621304,16115,66.2,27.64,38.55,60.99
2021-07-09,1058884,437580,621304,16093,65.8,27.19,38.61,58.29
2021-07-16,1060991,439687,621304,16007,66.28,27.47,38.81,61.65
2021-07-23,1056902,435598,621304,15875,66.58,27.44,39.14,64.09
2021-07-30,1060529,439225,621304,15920,66.62,27.59,39.03,64.35
2021-08-06,1060081,438777,621304,16197,65.45,27.09,38.36,56.37
2021-08-13,1056846,435544,621302,16006,66.03,27.21,38.82,60.21
2021-08-20,1053866,432564,621302,16072,65.57,26.91,38.66,57.07
2021-08-27,1046697,425395,621302,15938,65.67,26.69,38.98,57.64
2021-09-03,1045169,423867,621302,14302,73.08,29.64,43.44,91.97
2021-09-10,1038218,417445,620773,14387,72.16,29.02,43.15,90.1
2021-09-17,1033533,413964,619569,15347,67.34,26.97,40.37,70.11
2021-09-24,1037231,418542,618689,15415,67.29,27.15,40.14,69.72
2021-10-01,1038657,420887,617770,15744,65.97,26.73,39.24,59.82
2021-10-08,1043945,426975,616970,15061,69.31,28.35,40.96,80.02
2021-10-15,1041820,426544,615276,14990,69.5,28.46,41.05,80.58
2021-10-22,1044998,430812,614186,15048,69.44,28.63,40.82,80.41
2021-10-29,1046643,434102,612541,15023,69.67,28.9,40.77,81.72
2021-11-05,1044500,435104,609396,15366,67.97,28.32,39.66,74.0
2021-11-12,1039150,433003,606147,15397,67.49,28.12,39.37,71.16
2021-11-19,1038525,434020,604505,15640,66.4,27.75,38.65,62.7
2021-11-26,1035667,433111,602556,15631,66.26,27.71,38.55,61.47
2021-12-03,1033737,432870,600867,15785,65.49,27.42,38.07,56.63
2021-12-10,1027203,428286,598917,15670,65.55,27.33,38.22,56.89
2021-12-17,1019952,423571,596381,15818,64.48,26.78,37.7,49.3
2021-12-24,1015023,419995,595028,15703,64.64,26.75,37.89,50.79
2021-12-31,1011533,417851,593682,15867,63.75,26.33,37.42,44.28
2022-01-07,1006680,413298,593382,15573,64.64,26.54,38.1,50.83
2022-01-14,1005847,413813,592034,15453,65.09,26.78,38.31,53.62
2022-01-21,1006972,416190,590782,15497,64.98,26.86,38.12,52.88
2022-01-28,1004055,415143,588912,15248,65.85,27.23,38.62,58.94
2022-02-04,997902,410387,587515,15577,64.06,26.35,37.72,46.16
2022-02-11,996336,411508,584828,14902,66.86,27.61,39.24,66.4
2022-02-18,998406,416022,582384,15246,65.49,27.29,38.2,56.59
2022-02-25,993445,413425,580020,15398,64.52,26.85,37.67,49.69
2022-03-04,989058,411562,577496,15377,64.32,26.76,37.56,47.86
2022-03-11,991420,415907,575513,15601,63.55,26.66,36.89,42.93
2022-03-18,984722,413399,571323,15878,62.02,26.04,35.98,35.99
2022-03-25,978272,409950,568322,15913,61.48,25.76,35.71,34.08
2022-04-01,976951,412371,564580,15948,61.26,25.86,35.4,33.2
2022-04-08,982434,421753,560681,15523,63.29,27.17,36.12,41.75
2022-04-15,969713,413733,555980,15717,61.7,26.32,35.37,35.08
2022-04-22,967494,414424,553070,15684,61.69,26.42,35.26,34.99
2022-04-29,965712,415727,549985,15466,62.44,26.88,35.56,37.96
2022-05-06,967208,424214,542994,15696,61.62,27.03,34.59,34.6
2022-05-13,958804,420820,537984,15935,60.17,26.41,33.76,28.58
2022-05-20,951814,419801,532013,16269,58.5,25.8,32.7,22.77
2022-05-27,941325,414733,526592,16033,58.71,25.87,32.84,23.73
2022-06-03,936081,416758,519323,16387,57.12,25.43,31.69,19.02
2022-06-10,930326,418714,511612,16320,57.01,25.66,31.35,18.5
2022-06-17,923146,418328,504818,16263,56.76,25.72,31.04,17.54
2022-06-24,913434,415566,497868,16666,54.81,24.93,29.87,12.39
2022-07-01,915828,423800,492028,16438,55.71,25.78,29.93,14.53
2022-07-08,912201,427054,485147,16640,54.82,25.66,29.16,12.43
2022-07-15,906758,426609,480149,16319,55.56,26.14,29.42,14.14
2022-07-22,896631,422086,474545,16027,55.95,26.34,29.61,15.1
2022-07-29,896408,426553,469855,15853,56.55,26.91,29.64,16.54
2022-08-05,896568,432010,464558,16581,54.07,26.05,28.02,10.78
2022-08-12,886110,424954,461156,16423,53.96,25.88,28.08,10.38
2022-08-19,874737,421672,453065,16255,53.81,25.94,27.87,9.95
2022-08-26,868344,418346,449998,16238,53.48,25.76,27.71,9.03
2022-09-02,869662,427191,442471,15929,54.6,26.82,27.78,12.09
2022-09-09,863690,429633,434057,16022,53.91,26.82,27.09,10.3
2022-09-16,857932,430774,427158,16355,52.46,26.34,26.12,6.98
2022-09-23,853142,430559,422583,15751,54.16,27.34,26.83,10.99
2022-09-30,845592,429203,416389,15961,52.98,26.89,26.09,8.12
2022-10-07,847781,439082,408699,15683,54.06,28.0,26.06,10.73
2022-10-14,842492,437357,405135,15550,54.18,28.13,26.05,11.04
2022-10-21,841663,439945,401718,15436,54.53,28.5,26.02,11.87
2022-10-28,836622,436830,399792,15842,52.81,27.57,25.24,7.55
2022-11-04,836974,440755,396219,16089,52.02,27.39,24.63,6.54
2022-11-11,827474,435355,392119,16152,51.23,26.95,24.28,5.67
2022-11-18,822183,431665,390518,16410,50.1,26.3,23.8,4.41
2022-11-25,808200,419084,389116,16638,48.58,25.19,23.39,2.36
2022-12-02,800917,413898,387019,16585,48.29,24.96,23.34,2.01
2022-12-09,806400,424129,382271,16126,50.01,26.3,23.71,4.23
2022-12-16,796858,418234,378624,15976,49.88,26.18,23.7,4.06
2022-12-23,794080,418952,375128,16149,49.17,25.94,23.23,3.14
2022-12-30,793026,420646,372380,13820,57.38,30.44,26.95,19.72
2023-01-06,811187,439607,371580,14651,55.37,30.01,25.36,13.79
2023-01-13,819594,448015,371579,14853,55.18,30.16,25.02,13.22
2023-01-20,820127,448548,371579,14981,54.74,29.94,24.8,12.26
2023-01-27,824267,452688,371579,14961,55.09,30.26,24.84,13.05
2023-02-03,826690,455111,371579,15410,53.65,29.53,24.11,9.47
2023-02-10,842973,471394,371579,15027,56.1,31.37,24.73,15.53
2023-02-17,850620,479041,371579,15010,56.67,31.91,24.76,17.06
2023-02-24,851786,480207,371579,14979,56.87,32.06,24.81,17.98
2023-03-03,850092,478513,371579,14967,56.8,31.97,24.83,17.63
2023-03-10,851642,480063,371579,15398,55.31,31.18,24.13,13.66
2023-03-17,852759,481180,371579,15376,55.46,31.29,24.17,13.92
2023-03-24,845270,473691,371579,15813,53.45,29.96,23.5,8.94
2023-03-31,841127,469952,371175,15615,53.87,30.1,23.77,10.03
2023-04-07,840124,470549,369575,15585,53.91,30.19,23.71,10.25
2023-04-14,833931,465968,367963,15844,52.63,29.41,23.22,7.29
2023-04-21,827856,460914,366942,15833,52.29,29.11,23.18,6.76
2023-04-28,824571,459633,364938,15735,52.4,29.21,23.19,6.89
2023-05-05,824598,462584,362014,15745,52.37,29.38,22.99,6.85
2023-05-12,827210,467624,359586,15990,51.73,29.24,22.49,6.2
2023-05-19,813122,455168,357954,16069,50.6,28.33,22.28,4.84
2023-05-26,815093,459657,355436,16165,50.42,28.44,21.99,4.71
2023-06-02,812774,459205,353569,16647,48.82,27.58,21.24,2.66
2023-06-09,818811,467124,351687,16586,49.37,28.16,21.2,3.53
2023-06-16,813261,463293,349968,16470,49.38,28.13,21.25,3.58
2023-06-23,802307,453690,348617,16254,49.36,27.91,21.45,3.49
2023-06-30,799341,452182,347159,16030,49.87,28.21,21.66,4.01
2023-07-07,804886,458128,346758,16659,48.32,27.5,20.82,2.09
2023-07-14,804179,457420,346759,16585,48.49,27.58,20.91,2.27
2023-07-21,803579,456820,346759,16478,48.77,27.72,21.04,2.57
2023-07-28,786530,439771,346759,16517,47.62,26.63,20.99,1.09
2023-08-04,793376,445622,347754,16579,47.85,26.88,20.98,1.44
2023-08-11,788016,439662,348354,16746,47.06,26.25,20.8,0.83
2023-08-18,782476,433528,348948,16776,46.64,25.84,20.8,0.74
2023-08-25,772486,422944,349542,16603,46.53,25.47,21.05,0.7
2023-09-01,766977,416637,350340,16623,46.14,25.06,21.08,0.65
2023-09-08,771222,420592,350630,16800,45.91,25.04,20.87,0.61
2023-09-15,769686,418456,351230,16304,47.21,25.67,21.54,0.96
2023-09-22,767267,416287,350980,16065,47.76,25.91,21.85,1.31
2023-09-29,765343,414063,351280,15602,49.05,26.54,22.52,3.05
2023-10-06,775513,424239,351274,15203,51.01,27.9,23.11,5.37
2023-10-13,771022,419748,351274,15396,50.08,27.26,22.82,4.36
2023-10-20,772394,421120,351274,15189,50.85,27.73,23.13,5.06
2023-10-27,773167,421893,351274,15251,50.7,27.66,23.03,4.93
2023-11-03,787036,435762,351274,15235,51.66,28.6,23.06,6.11
2023-11-10,790628,439354,351274,15399,51.34,28.53,22.81,5.8
2023-11-17,799328,448054,351274,15504,51.56,28.9,22.66,5.93
2023-11-24,801251,449664,351587,16022,50.01,28.07,21.94,4.28
2023-12-01,796948,445031,351917,16201,49.19,27.47,21.72,3.18
2023-12-08,792684,440773,351911,16097,49.24,27.38,21.86,3.27
2023-12-15,796222,443682,352540,16500,48.26,26.89,21.37,1.92
2023-12-22,789901,436568,353333,16558,47.71,26.37,21.34,1.27
2023-12-29,785453,431065,354388,16679,47.09,25.84,21.25,0.87
2024-01-05,787397,432403,354994,16518,47.67,26.18,21.49,1.18
2024-01-12,785501,429911,355590,16653,47.17,25.82,21.35,0.92
2024-01-19,777188,420678,356510,15276,50.88,27.54,23.34,5.1
2024-01-26,779314,421912,357402,14848,52.49,28.42,24.07,7.16
2024-02-02,785449,427432,358017,14840,52.93,28.8,24.13,7.98
2024-02-09,798213,439450,358763,14542,54.89,30.22,24.67,12.61
2024-02-16,802475,442964,359511,14574,55.06,30.39,24.67,12.96
2024-02-23,807417,447163,360254,14674,55.02,30.47,24.55,12.83
2024-03-01,809490,448530,360960,15268,53.02,29.38,23.64,8.16
2024-03-08,808550,446994,361556,15658,51.64,28.55,23.09,6.06
2024-03-15,807348,445042,362306,15785,51.15,28.19,22.95,5.58
2024-03-22,811257,448207,363050,15932,50.92,28.13,22.79,5.24
2024-03-29,815058,451417,363641,15897,51.27,28.4,22.87,5.72
2024-04-05,821494,457258,364236,15782,52.05,28.97,23.08,6.59
2024-04-12,824877,459993,364884,15913,51.84,28.91,22.93,6.33
2024-04-19,819302,453625,365677,15871,51.62,28.58,23.04,6.02
2024-04-26,827161,460890,366271,15641,52.88,29.47,23.42,7.81
2024-05-03,826746,459528,367218,15948,51.84,28.81,23.03,6.37
2024-05-10,824831,457020,367811,16255,50.74,28.12,22.63,4.97
2024-05-17,827649,458845,368804,16482,50.22,27.84,22.38,4.54
2024-05-24,823978,454689,369289,17083,48.23,26.62,21.62,1.88
2024-05-31,826109,455922,370187,17144,48.19,26.59,21.59,1.79
2024-06-07,830178,459652,370526,17047,48.7,26.96,21.74,2.44
2024-06-14,828017,457105,370912,16765,49.39,27.27,22.12,3.62
2024-06-21,832893,460696,372197,16532,50.38,27.87,22.51,4.62
2024-06-28,821134,448539,372595,16792,48.9,26.71,22.19,2.79
2024-07-05,818168,445096,373072,17109,47.82,26.02,21.81,1.35
2024-07-12,813948,440226,373722,16928,48.08,26.01,22.08,1.61
2024-07-19,810897,436485,374412,16407,49.42,26.6,22.82,3.66
2024-07-26,808146,433049,375097,16150,50.04,26.81,23.23,4.32
2024-08-02,805154,429321,375833,16402,49.09,26.17,22.91,3.1
2024-08-09,807205,430678,376527,16467,49.02,26.15,22.87,2.97
2024-08-16,803192,426029,377163,16689,48.13,25.53,22.6,1.66
2024-08-23,803091,425183,377908,16864,47.62,25.21,22.41,1.13
2024-08-30,797982,418310,379672,16900,47.22,24.75,22.47,1.0
2024-09-06,799094,419143,379951,16759,47.68,25.01,22.67,1.22
2024-09-13,798119,417513,380606,16477,48.44,25.34,23.1,2.14
2024-09-20,794935,413042,381893,16353,48.61,25.26,23.35,2.4
2024-09-27,799484,416931,382553,15691,50.95,26.57,24.38,5.28
2024-10-04,805671,422741,382930,15590,51.68,27.12,24.56,6.15
2024-10-11,804432,420550,383882,15755,51.06,26.69,24.37,5.5
2024-10-18,810666,426024,384642,16084,50.4,26.49,23.91,4.67
2024-10-25,811340,425509,385831,16053,50.54,26.51,24.03,4.8
2024-11-01,814881,427658,387223,16334,49.89,26.18,23.71,4.1
2024-11-08,817537,429747,387790,16509,49.52,26.03,23.49,3.75
2024-11-15,819482,430292,389190,16228,50.5,26.52,23.98,4.76
2024-11-22,818810,428448,390362,16295,50.25,26.29,23.96,4.58
2024-11-29,815182,423375,391807,16910,48.21,25.04,23.17,1.83
2024-12-06,814481,421950,392531,16659,48.89,25.33,23.56,2.75
2024-12-13,814066,421016,393050,16611,49.01,25.35,23.66,2.92
2024-12-20,810089,416779,393310,16816,48.17,24.78,23.39,1.75
2024-12-27,809171,415601,393570,16857,48.0,24.65,23.35,1.53
2025-01-03,808459,414642,393817,16902,47.83,24.53,23.3,1.4
2025-01-10,806997,412680,394317,16647,48.48,24.79,23.69,2.23
2025-01-17,806229,411663,394566,15522,51.94,26.52,25.42,6.41
2025-01-24,809940,415126,394814,15189,53.32,27.33,25.99,8.68
2025-01-31,818854,423790,395064,15349,53.35,27.61,25.74,8.77
2025-02-07,823173,427860,395313,15431,53.35,27.73,25.62,8.73
2025-02-14,827806,432493,395313,15416,53.7,28.05,25.64,9.69
2025-02-21,825474,430161,395313,15733,52.47,27.34,25.13,7.07
2025-02-28,829088,433775,395313,15387,53.88,28.19,25.69,10.08
2025-03-07,830811,435223,395588,15708,52.89,27.71,25.18,7.85
2025-03-14,832831,436968,395863,15663,53.17,27.9,25.27,8.38
2025-03-21,829776,433627,396149,15750,52.68,27.53,25.15,7.37
2025-03-28,836226,439792,396434,15558,53.75,28.27,25.48,9.86
2025-04-04,839055,442345,396710,15627,53.69,28.31,25.39,9.6
2025-04-11,839869,442860,397009,15564,53.96,28.45,25.51,10.47
2025-04-18,840581,443104,397477,15889,52.9,27.89,25.02,7.9
2025-04-25,838950,440408,398542,16078,52.18,27.39,24.79,6.72
2025-05-02,837498,438376,399122,16071,52.11,27.28,24.83,6.63
2025-05-09,841480,441830,399650,16401,51.31,26.94,24.37,5.76
2025-05-16,843651,443158,400493,16490,51.16,26.87,24.29,5.63
2025-05-23,841676,440363,401313,16328,51.55,26.97,24.58,5.89
2025-05-30,837881,436059,401822,16998,49.29,25.65,23.64,3.36
2025-06-06,834474,432415,402059,17226,48.44,25.1,23.34,2.18
2025-06-13,823231,420942,402289,16862,48.82,24.96,23.86,2.62
2025-06-20,817632,415106,402526,16987,48.13,24.44,23.7,1.7
2025-06-27,821716,418951,402765,17105,48.04,24.49,23.55,1.57
2025-07-04,829024,426021,403003,17006,48.75,25.05,23.7,2.53
2025-07-11,824865,422162,402703,16849,48.96,25.06,23.9,2.88
2025-07-18,821496,418993,402503,16936,48.51,24.74,23.77,2.31
2025-07-25,829432,426691,402741,16911,49.05,25.23,23.82,3.01
2025-08-01,826638,423662,402976,17124,48.27,24.74,23.53,1.96
2025-08-08,829900,426698,403202,17180,48.31,24.84,23.47,2.05
2025-08-15,824109,420684,403425,17208,47.89,24.45,23.44,1.48
2025-08-22,822493,418292,404201,16880,48.73,24.78,23.95,2.49
2025-08-29,825417,420707,404710,16869,48.93,24.94,23.99,2.84
2025-09-05,829870,424646,405224,16818,49.34,25.25,24.09,3.45
2025-09-12,821089,415361,405728,16424,49.99,25.29,24.7,4.19
2025-09-19,820712,414754,405958,16476,49.81,25.17,24.64,3.97
2025-09-26,823246,416546,406700,16168,50.92,25.76,25.15,5.19
2025-10-03,827246,420261,406985,16297,50.76,25.79,24.97,5.02
2025-10-10,831530,423785,407745,15130,54.96,28.01,26.95,12.74
2025-10-17,831388,422824,408564,15730,52.85,26.88,25.97,7.68
2025-10-24,825063,415966,409097,15219,54.21,27.33,26.88,11.13
2025-10-31,830763,421168,409595,15256,54.45,27.61,26.85,11.61
2025-11-07,837974,427581,410393,15973,52.46,26.77,25.69,7.02
2025-11-14,835081,424155,410926,16232,51.45,26.13,25.32,5.85
2025-11-21,838353,426929,411424,16443,50.99,25.96,25.02,5.32
2025-11-28,839177,427503,411674,16876,49.73,25.33,24.39,3.88
2025-12-05,837613,425691,411922,16860,49.68,25.25,24.43,3.84
2025-12-12,836588,424417,412171,16988,49.25,24.98,24.26,3.32
2025-12-19,837793,424822,412971,16776,49.94,25.32,24.62,4.14
2025-12-26,836107,422888,413219,16847,49.63,25.1,24.53,3.8
2026-01-02,832520,419056,413464,16909,49.24,24.78,24.45,3.23
2026-01-09,836125,422447,413678,16958,49.31,24.91,24.39,3.4
2026-01-16,840533,426049,414484,16604,50.62,25.66,24.96,4.89
2026-01-23,838753,423754,414999,16209,51.75,26.14,25.6,6.24
2026-01-30,835512,420299,415213,16029,52.13,26.22,25.9,6.68
2026-02-06,844041,428829,415212,16000,52.75,26.8,25.95,7.46
2026-02-13,835256,419815,415441,16077,51.95,26.11,25.84,6.46
2026-02-20,851245,435804,415441,15661,54.35,27.83,26.53,11.39
2026-02-27,854720,439279,415441,15841,53.96,27.73,26.23,10.43
2026-03-06,858545,443103,415442,16169,53.1,27.4,25.69,8.29
2026-03-13,864701,449259,415442,16232,53.27,27.68,25.59,8.64
2026-03-20,871627,456185,415442,16598,52.51,27.48,25.03,7.2
2026-03-27,876700,461636,415064,16379,53.53,28.18,25.34,9.29
2026-04-03,878042,464717,413325,16250,54.03,28.6,25.44,10.6
2026-04-10,872985,463804,409181,16042,54.42,28.91,25.51,11.47
2026-04-17,870774,465729,405045,15987,54.47,29.13,25.34,11.69
2026-04-24,857419,459495,397924,16071,53.35,28.59,24.76,8.81
2026-05-01,849882,457182,392700,16029,53.02,28.52,24.5,8.2
2026-05-08,836971,452876,384095,16399,51.04,27.62,23.42,5.41
2026-05-15,819188,445013,374175,16319,50.2,27.27,22.93,4.49
2026-05-22,806798,441686,365112,16971,47.54,26.03,21.51,1.05
2026-05-29,790831,433712,357119,16881,46.85,25.69,21.16,0.79
2026-06-05,775677,426485,349192,16962,45.73,25.14,20.59,0.57
2026-06-12,758473,418222,340251,17192,44.12,24.33,19.79,0.52
2026-06-19,743325,412134,331191,17111,43.44,24.09,19.36,0.48
2026-06-26,734014,408359,325655,17196,42.69,23.75,18.94,0.39
2026-07-03,730846,411357,319489,17024,42.93,24.16,18.77,0.44
2026-07-10,726169,409665,316504,17123,42.41,23.92,18.48,0.35
2026-07-17,723122,411675,311447,17065,42.37,24.12,18.25,0.31
2026-07-24,712158,404508,307650,17336,41.08,23.33,17.75,0.09
2026-07-31,711796,406987,304809,17153,41.5,23.73,17.77,0.17
2026-08-07,723104,424410,298694,17179,42.09,24.71,17.39,0.26
2026-08-14,722241,428815,293426,17395,41.52,24.65,16.87,0.22
2026-08-21,718636,428910,289726,17393,41.32,24.66,16.66,0.13
2026-08-28,711064,424460,286604,17496,40.64,24.26,16.38,0.04
